Cat,Oligo,Batch,Scale,Well position,Purification,Name,Sequence : (5' to 3'),Length,Epsilon (1/mMcm),MW,OD,nmoles,Volume (muL),Concentration (muM),mug/mul,Tm,Extraname,Plate Name,SPECIAL,Qty (mug),Dimer,2ndry pattern,GC%,mul for 100muM,
VC00090N,8817095774-10/0,HA14968230,0.05 UMO,A01,DST,SPER01F_0N_001,ACGCATCTTGGGCAATCCTGAGCCAA,26,247.5,7940,8.24,33.2,333,100,,78.4,-,10,-,264.3,No,Moderate,53.8,N/A,
VC00090N,8817095774-10/1,HA14968231,0.05 UMO,B01,DST,SPER01F_0N_002,ACGCTTATGGGGCAATCCTGAGCCAA,26,251,7980,9.64,38.4,385,100,,77.1,-,10,-,306.4,No,Moderate,53.8,N/A,
VC00090N,8817095774-10/2,HA14968232,0.05 UMO,C01,DST,SPER01F_0N_003,ACGTAAGTCGGGCAATCCTGAGCCAA,26,257.9,7989,8.24,31.9,320,100,,75.8,-,10,-,255.2,No,Moderate,53.8,N/A,
VC00090N,8817095774-10/3,HA14968233,0.05 UMO,D01,DST,SPER01F_0N_004,ACTAACTCCGGGCAATCCTGAGCCAA,26,249.3,7909,7.84,31.4,315,100,,75.0,-,10,-,248.7,No,Moderate,53.8,N/A,
VC00090N,8817095774-10/4,HA14968234,0.05 UMO,E01,DST,SPER01F_0N_005,ACTAGACCTGGGCAATCCTGAGCCAA,26,252.8,7949,10.11,40.0,400,100,,73.7,-,10,-,317.9,No,Moderate,53.8,N/A,
VC00090N,8817095774-10/5,HA14968235,0.05 UMO,F01,DST,SPER01F_0N_006,CTGTCGGACTTGGGCAATCCTGAGCCAA,28,262.6,8590,9.88,37.6,377,100,,80.0,-,10,-,323.1,No,Moderate,57.1,N/A,
VC00090N,8817095774-10/6,HA14968236,0.05 UMO,G01,DST,SPER01F_0N_007,TAGTCGTTCACGGGCAATCCTGAGCCAA,28,268.6,8574,9.28,34.5,346,100,,78.6,-,10,-,296.2,No,Moderate,53.5,N/A,
VC00090N,8817095774-10/7,HA14968237,0.05 UMO,H01,DST,SPER01F_0N_008,TCGTGAGACAGGGGCAATCCTGAGCCAA,28,276.6,8648,8.96,32.3,324,100,,80.7,-,10,-,280.1,No,Strong,57.1,N/A,
VC00090N,8817095774-10/8,HA14968238,0.05 UMO,A02,DST,SPER01F_0N_009,TGGAACCTAGCGGGCAATCCTGAGCCAA,28,271.3,8608,10.32,38.0,381,100,,80.4,-,10,-,327.4,No,Moderate,57.1,N/A,
VC00090N,8817095774-10/9,HA14968239,0.05 UMO,B02,DST,SPER01F_0N_010,CCGAATACGGCGGGCAATCCTGAGCCAA,28,270.9,8593,9.6,35.4,355,100,,82.9,-,10,-,304.4,No,Moderate,60.7,N/A,
VC00090N,8817095774-10/10,HA14968240,0.05 UMO,C02,DST,SPER01F_0N_011,TTGAATTGCCGGGGCAATCCTGAGCCAA,28,267.3,8614,7.36,27.5,276,100,,82.2,-,10,-,237.1,No,Moderate,53.5,N/A,
VC00090N,8817095774-10/11,HA14968241,0.05 UMO,D02,DST,SPER01F_0N_012,CGGACACTCCTGGGCAATCCTGAGCCAA,28,262.5,8544,10.36,39.4,395,100,,81.5,-,10,-,337.1,No,Moderate,60.7,N/A,
VC00090N,8817095774-10/12,HA14968242,0.05 UMO,E02,DST,SPER01F_0N_013,CGTACAGTGAGGGGCAATCCTGAGCCAA,28,277.3,8648,9.48,34.1,342,100,,78.3,-,10,-,295.6,No,Moderate,57.1,N/A,
VC00090N,8817095774-10/13,HA14968243,0.05 UMO,F02,DST,SPER01F_0N_014,TGAAGAGCTACGGGCAATCCTGAGCCAA,28,277.3,8632,8.64,31.1,312,100,,77.9,-,10,-,268.9,No,Moderate,53.5,N/A,
VC00090N,8817095774-10/14,HA14968244,0.05 UMO,G02,DST,SPER01F_0N_015,TGTAGCATCCAGGGCAATCCTGAGCCAA,28,271.9,8583,10.68,39.2,393,100,,78.7,-,10,-,337.1,No,Strong,53.5,N/A,
VC00090N,8817095774-10/15,HA14968245,0.05 UMO,H02,DST,SPER01F_0N_016,TTAAGCGACATGGGCAATCCTGAGCCAA,28,275.5,8607,9.84,35.7,358,100,,78.2,-,10,-,307.4,No,Moderate,50,N/A,
VC00090N,8817095774-10/16,HA14968246,0.05 UMO,A03,DST,SPER01F_0N_017,ATAATACAGCGGGGCAATCCTGAGCCAA,28,282.3,8616,8.24,29.1,292,100,,76.2,-,10,-,251.4,No,Moderate,50,N/A,
VC00090N,8817095774-10/17,HA14968247,0.05 UMO,B03,DST,SPER01F_0N_018,CCAACAGGAGGGGCAATCCTGAGCCAA,27,267.8,8312,6.92,25.8,259,100,,80.0,-,10,-,214.7,No,Strong,59.2,N/A,
VC00090N,8817095774-10/18,HA14968248,0.05 UMO,C03,DST,SPER01F_0N_019,TTAACTACGCGGGCAATCCTGAGCCAA,27,259.6,8253,9.36,36.0,361,100,,76.6,-,10,-,297.5,No,Moderate,51.8,N/A,
VC00090N,8817095774-10/19,HA14968249,0.05 UMO,D03,DST,SPER01F_0N_020,CCAAGCTCCAGGGCAATCCTGAGCCAA,27,256.7,8223,10.12,39.4,395,100,,80.1,-,10,-,324.1,No,Strong,59.2,N/A,
VC00090N,8817095774-10/20,HA14968250,0.05 UMO,E03,DST,SPER01F_0N_021,CGAAGGTTCGGGGCAATCCTGAGCCAA,27,262.9,8334,9.52,36.2,363,100,,81.1,-,10,-,301.8,No,Moderate,59.2,N/A,
VC00090N,8817095774-10/21,HA14968251,0.05 UMO,F03,DST,SPER01F_0N_022,TCACACACAGGGGCAATCCTGAGCCAA,27,263.2,8247,6.72,25.5,256,100,,79.6,-,10,-,210.5,No,Strong,55.5,N/A,
VC00090N,8817095774-10/22,HA14968252,0.05 UMO,G03,DST,SPER01F_0N_023,TTACACTAGGGGGCAATCCTGAGCCAA,27,263.9,8293,8.88,33.6,337,100,,74.5,-,10,-,279.0,No,Moderate,51.8,N/A,
VC00090N,8817095774-10/23,HA14968253,0.05 UMO,H03,DST,SPER01F_0N_024,CTACCGTAACGGGCAATCCTGAGCCAA,27,259.8,8238,10.36,39.8,399,100,,76.3,-,10,-,328.5,No,Moderate,55.5,N/A,
VC00090N,8817095774-10/24,HA14968254,0.05 UMO,A04,DST,SPER01F_0N_025,TCACCTCTGTGGGCAATCCTGAGCCAA,27,249.9,8220,7.04,28.1,282,100,,78.8,-,10,-,231.5,No,Moderate,55.5,N/A,
VC00090N,8817095774-10/25,HA14968255,0.05 UMO,B04,DST,SPER01F_0N_026,TTACGCGTATGGGCAATCCTGAGCCAA,27,260.2,8284,7.12,27.3,274,100,,77.4,-,10,-,226.6,No,Moderate,51.8,N/A,
VC00090N,8817095774-10/26,HA14968256,0.05 UMO,C04,DST,SPER01F_0N_027,TCAGAGTCTGGGGCAATCCTGAGCCAA,27,261.8,8309,8.2,31.3,314,100,,78.1,-,10,-,260.2,No,Moderate,55.5,N/A,
VC00090N,8817095774-10/27,HA14968257,0.05 UMO,D04,DST,SPER01F_0N_028,TGAGATCTCGGGGCAATCCTGAGCCAA,27,261.6,8309,9.4,35.9,360,100,,79.3,-,10,-,298.5,No,Moderate,55.5,N/A,
VC00090N,8817095774-10/28,HA14968258,0.05 UMO,E04,DST,SPER01F_0N_029,CCATGAGCACGGGCAATCCTGAGCCAA,27,260.4,8263,9.12,35.0,351,100,,81.8,-,10,-,289.4,No,Moderate,59.2,N/A,
VC00090N,8817095774-10/29,HA14968259,0.05 UMO,F04,DST,SPER01F_0N_030,TCCAAGCGTAGGGCAATCCTGAGCCAA,27,263,8278,8.36,31.7,318,100,,78.7,-,10,-,263.1,No,Moderate,55.5,N/A,
VC00090N,8817095774-10/30,HA14968260,0.05 UMO,G04,DST,SPER01F_0N_031,TTCAATGGCTGGGCAATCCTGAGCCAA,27,256.8,8284,8.68,33.8,339,100,,79.5,-,10,-,280.0,No,Strong,51.8,N/A,
VC00090N,8817095774-10/31,HA14968261,0.05 UMO,H04,DST,SPER01F_0N_032,CACAAGCTGGGGCAATCCTGAGCCAA,26,251.4,7974,9.24,36.7,368,100,,79.0,-,10,-,293.0,No,Moderate,57.6,N/A,
VC00090N,8817095774-10/32,HA14968262,0.05 UMO,A05,DST,SPER01F_0N_033,TACAACGCTGGGCAATCCTGAGCCAA,26,250.3,7949,9.48,37.8,379,100,,77.5,-,10,-,301.0,No,Moderate,53.8,N/A,
VC00090N,8817095774-10/33,HA14968263,0.05 UMO,B05,DST,SPER01F_0N_034,CATTGGCGTGGGCAATCCTGAGCCAA,26,247.3,7996,7.6,30.7,308,100,,81.0,-,10,-,245.7,No,Strong,57.6,N/A,
VC00090N,8817095774-10/34,HA14968264,0.05 UMO,C05,DST,SPER01F_0N_035,TCATAGTCGGGGCAATCCTGAGCCAA,26,253.1,7980,7.64,30.1,302,100,,76.8,-,10,-,240.8,No,Moderate,53.8,N/A,
VC00090N,8817095774-10/35,HA14968265,0.05 UMO,D05,DST,SPER01F_0N_036,ACATCGGATGGGCAATCCTGAGCCAA,26,256.7,7989,8.04,31.3,314,100,,78.4,-,10,-,250.2,No,Moderate,53.8,N/A,
VC00090N,8817095774-10/36,HA14968266,0.05 UMO,E05,DST,SPER01F_0N_037,ACATGGCAAGGGCAATCCTGAGCCAA,26,259,7998,7.6,29.3,294,100,,78.4,-,10,-,234.6,No,Strong,53.8,N/A,
VC00090N,8817095774-10/37,HA14968267,0.05 UMO,F05,DST,SPER01F_0N_038,TAATCGGATCAGGGCAATCCTGAGCCAA,28,277.7,8607,7.56,27.2,273,100,,77.5,-,10,-,234.3,No,Strong,50,N/A,
VC00090N,8817095774-10/38,HA14968268,0.05 UMO,G05,DST,SPER01F_0N_039,TGGTGAGTGACGGGCAATCCTGAGCCAA,28,274.8,8679,9.2,33.4,335,100,,81.5,-,10,-,290.5,No,Moderate,57.1,N/A,
VC00090N,8817095774-10/39,HA14968269,0.05 UMO,H05,DST,SPER01F_0N_040,CTGAACACCGTGGGCAATCCTGAGCCAA,28,267.9,8568,9.92,37.0,371,100,,80.7,-,10,-,317.2,No,Moderate,57.1,N/A,
VC00090N,8817095774-10/40,HA14968270,0.05 UMO,A06,DST,SPER01F_0N_041,TCGAACCAACGGGGCAATCCTGAGCCAA,28,272.5,8577,8.84,32.4,325,100,,82.7,-,10,-,278.2,No,Moderate,57.1,N/A,
VC00090N,8817095774-10/41,HA14968271,0.05 UMO,B06,DST,SPER01F_0N_042,CATAACTCCTGGGGCAATCCTGAGCCAA,28,266.5,8543,9.92,37.2,373,100,,77.1,-,10,-,317.9,No,Moderate,53.5,N/A,
VC00090N,8817095774-10/42,HA14968272,0.05 UMO,C06,DST,SPER01F_0N_043,TGTAAGGCTGTGGGCAATCCTGAGCCAA,28,271.6,8654,9.24,34.0,341,100,,78.6,-,10,-,294.4,No,Strong,53.5,N/A,
VC00090N,8817095774-10/43,HA14968273,0.05 UMO,D06,DST,SPER01F_0N_044,CCTAATGCCAGGGGCAATCCTGAGCCAA,28,268.3,8568,9.88,36.8,369,100,,79.8,-,10,-,315.4,No,Strong,57.1,N/A,
VC00090N,8817095774-10/44,HA14968274,0.05 UMO,E06,DST,SPER01F_0N_045,CTTACCTAACCGGGCAATCCTGAGCCAA,28,263.8,8503,8.84,33.5,336,100,,75.9,-,10,-,284.9,No,Moderate,53.5,N/A,
VC00090N,8817095774-10/45,HA14968275,0.05 UMO,F06,DST,SPER01F_0N_046,TCCAGAACGTGGGGCAATCCTGAGCCAA,28,272.5,8608,8.16,29.9,300,100,,81.7,-,10,-,257.7,No,Moderate,57.1,N/A,
VC00090N,8817095774-10/46,HA14968276,0.05 UMO,G06,DST,SPER01F_0N_047,TCGAGACCTGTGGGCAATCCTGAGCCAA,28,268.4,8599,7.52,28.0,281,100,,80.7,-,10,-,240.9,No,Moderate,57.1,N/A,
VC00090N,8817095774-10/47,HA14968277,0.05 UMO,H06,DST,SPER01F_0N_048,TCTAGACGAACGGGCAATCCTGAGCCAA,28,275.2,8592,9.64,35.0,351,100,,77.8,-,10,-,300.9,No,Moderate,53.5,N/A,
VC00090N,8817095774-10/48,HA14968278,0.05 UMO,A07,DST,SPER01F_0N_049,TGCAGATCAGCGGGCAATCCTGAGCCAA,28,271.9,8608,8.8,32.3,324,100,,82.7,-,10,-,278.5,No,Moderate,57.1,N/A,
VC00090N,8817095774-10/49,HA14968279,0.05 UMO,B07,DST,SPER01F_0N_050,TTCAGCTTCGTGGGCAATCCTGAGCCAA,28,261.3,8565,7.84,30.0,301,100,,80.2,-,10,-,256.9,No,Moderate,53.5,N/A,
VC00090N,8817095774-10/50,HA14968280,0.05 UMO,C07,DST,SPER01F_0N_051,TTGAGGCAAGTGGGCAATCCTGAGCCAA,28,275.5,8663,9.32,33.8,339,100,,80.2,-,10,-,293.0,No,Moderate,53.5,N/A,
VC00090N,8817095774-10/51,HA14968281,0.05 UMO,D07,DST,SPER01F_0N_052,AGGAGTGTTCCGGGCAATCCTGAGCCAA,28,273.8,8639,9.68,35.3,354,100,,80.1,-,10,-,305.4,No,Moderate,57.1,N/A,
VC00090N,8817095774-10/52,HA14968282,0.05 UMO,E07,DST,SPER01F_0N_053,ATTATACCGGAGGGCAATCCTGAGCCAA,28,279.4,8607,10.72,38.3,384,100,,75.4,-,10,-,330.2,No,Moderate,50,N/A,
VC00090N,8817095774-10/53,HA14968283,0.05 UMO,F07,DST,SPER01F_0N_054,TTATACGTGCGGGCAATCCTGAGCCAA,27,260.2,8284,8.68,33.3,334,100,,77.4,-,10,-,276.3,No,Moderate,51.8,N/A,
VC00090N,8817095774-10/54,HA14968284,0.05 UMO,G07,DST,SPER01F_0N_055,TGCTGTTCGTGGGCAATCCTGAGCCAA,27,251.4,8291,8.0,31.8,319,100,,80.8,-,10,-,263.8,No,Moderate,55.5,N/A,
VC00090N,8817095774-10/55,HA14968285,0.05 UMO,H07,DST,SPER01F_0N_056,AGACAAGACCGGGCAATCCTGAGCCAA,27,271.9,8296,9.64,35.4,355,100,,78.3,-,10,-,294.1,No,Moderate,55.5,N/A,
VC00090N,8817095774-10/56,HA14968286,0.05 UMO,A08,DST,SPER01F_0N_057,TGACACAGGTGGGCAATCCTGAGCCAA,27,265.1,8318,7.88,29.7,298,100,,79.6,-,10,-,247.2,No,Strong,55.5,N/A,
VC00090N,8817095774-10/57,HA14968287,0.05 UMO,B08,DST,SPER01F_0N_058,AGACACTGTCGGGCAATCCTGAGCCAA,27,263.5,8278,8.8,33.3,334,100,,78.0,-,10,-,276.4,No,Moderate,55.5,N/A,
VC00090N,8817095774-10/58,HA14968288,0.05 UMO,C08,DST,SPER01F_0N_059,TACAGGTCAGGGCAATCCTGAGCCAA,26,256.8,7989,9.56,37.2,373,100,,75.4,-,10,-,297.4,No,Strong,53.8,N/A,
VC00090N,8817095774-10/59,HA14968289,0.05 UMO,D08,DST,SPER01F_0N_060,CACGGAACTGGGCAATCCTGAGCCAA,26,252,7974,8.88,35.2,353,100,,79.0,-,10,-,280.9,No,Moderate,57.6,N/A,
VC00090N,8817095774-10/60,HA14968290,0.05 UMO,E08,DST,SPER01F_0N_061,TACGTCTACGGGCAATCCTGAGCCAA,26,249.4,7940,8.36,33.5,336,100,,75.0,-,10,-,266.1,No,Moderate,53.8,N/A,
VC00090N,8817095774-10/61,HA14968291,0.05 UMO,F08,DST,SPER01F_0N_062,CAGCATTGCGGGCAATCCTGAGCCAA,26,247.9,7965,9.12,36.7,368,100,,81.1,-,10,-,293.0,No,Moderate,57.6,N/A,
VC00090N,8817095774-10/62,HA14968292,0.05 UMO,G08,DST,SPER01F_0N_063,TAGCTGTGAGGGCAATCCTGAGCCAA,26,254,8020,8.08,31.8,319,100,,75.5,-,10,-,255.1,No,Moderate,53.8,N/A,
VC00090N,8817095774-10/63,HA14968293,0.05 UMO,H08,DST,SPER01F_0N_064,CAGGTAGTGGGGCAATCCTGAGCCAA,26,257.3,8045,9.04,35.1,352,100,,76.4,-,10,-,282.6,No,Strong,57.6,N/A,
VC00090N,8817095774-10/64,HA14968294,0.05 UMO,A09,DST,SPER01F_0N_065,CTGACCAGTACGGGCAATCCTGAGCCAA,28,269.9,8568,7.36,27.2,273,100,,78.3,-,10,-,233.6,No,Moderate,57.1,N/A,
VC00090N,8817095774-10/65,HA14968295,0.05 UMO,B09,DST,SPER01F_0N_066,TATACGTCACAGGGCAATCCTGAGCCAA,28,275.6,8567,7.24,26.2,263,100,,75.3,-,10,-,225.0,No,Strong,50,N/A,
VC00090N,8817095774-10/66,HA14968296,0.05 UMO,C09,DST,SPER01F_0N_067,TGGAGCAGTCTGGGCAATCCTGAGCCAA,28,270.7,8639,7.8,28.8,289,100,,80.8,-,10,-,248.9,No,Moderate,57.1,N/A,
VC00090N,8817095774-10/67,HA14968297,0.05 UMO,D09,DST,SPER01F_0N_068,CAGATAGTGGCGGGCAATCCTGAGCCAA,28,276.5,8648,9.4,33.9,340,100,,79.5,-,10,-,293.9,No,Strong,57.1,N/A,
VC00090N,8817095774-10/68,HA14968298,0.05 UMO,E09,DST,SPER01F_0N_069,TACTGAGTCTGGGCAATCCTGAGCCAA,27,259.4,8284,9.72,37.4,375,100,,74.6,-,10,-,310.4,No,Moderate,51.8,N/A,
VC00090N,8817095774-10/69,HA14968299,0.05 UMO,F09,DST,SPER01F_0N_070,TCCTGCGAATGGGCAATCCTGAGCCAA,27,256.3,8269,7.6,29.6,297,100,,81.2,-,10,-,245.2,No,Moderate,55.5,N/A,
VC00090N,8817095774-10/70,HA14968300,0.05 UMO,G09,DST,SPER01F_0N_071,TTGTCAATGCGGGCAATCCTGAGCCAA,27,258,8284,7.08,27.4,275,100,,80.3,-,10,-,227.3,No,Moderate,51.8,N/A,
VC00090N,8817095774-10/71,HA14968301,0.05 UMO,H09,DST,SPER01F_0N_072,CGAACCTGCTGGGCAATCCTGAGCCAA,27,253.7,8254,9.08,35.7,358,100,,80.9,-,10,-,295.4,No,Moderate,59.2,N/A,
VC00090N,8817095774-10/72,HA14968302,0.05 UMO,A10,DST,SPER01F_0N_073,TGAACGCTTCGGGCAATCCTGAGCCAA,27,255.9,8269,9.52,37.2,373,100,,81.1,-,10,-,307.6,No,Moderate,55.5,N/A,
VC00090N,8817095774-10/73,HA14968303,0.05 UMO,B10,DST,SPER01F_0N_074,ATAAGCCGAAGGGCAATCCTGAGCCAA,27,273,8311,8.04,29.4,295,100,,76.7,-,10,-,244.7,No,Moderate,51.8,N/A,
VC00090N,8817095774-10/74,HA14968304,0.05 UMO,C10,DST,SPER01F_0N_075,CCACCATGGAGGGCAATCCTGAGCCAA,27,261,8263,8.8,33.7,338,100,,80.9,-,10,-,278.6,No,Moderate,59.2,N/A,
VC00090N,8817095774-10/75,HA14968305,0.05 UMO,D10,DST,SPER01F_0N_076,CGACCGCATAGGGCAATCCTGAGCCAA,27,261.6,8263,6.68,25.5,256,100,,80.4,-,10,-,211.0,No,Moderate,59.2,N/A,
VC00090N,8817095774-10/76,HA14968306,0.05 UMO,E10,DST,SPER01F_0N_077,TGACGAACTCGGGCAATCCTGAGCCAA,27,261.2,8278,9.4,35.9,360,100,,80.0,-,10,-,297.9,No,Moderate,55.5,N/A,
VC00090N,8817095774-10/77,HA14968307,0.05 UMO,F10,DST,SPER01F_0N_078,CGAGACGCTTGGGCAATCCTGAGCCAA,27,258.4,8294,7.76,30.0,301,100,,80.9,-,10,-,249.0,No,Moderate,59.2,N/A,
VC00090N,8817095774-10/78,HA14968308,0.05 UMO,G10,DST,SPER01F_0N_079,CAATCACCAGGGGCAATCCTGAGCCAA,27,263.1,8247,9.44,35.8,359,100,,79.3,-,10,-,295.9,No,Strong,55.5,N/A,
VC00090N,8817095774-10/79,HA14968309,0.05 UMO,H10,DST,SPER01F_0N_080,CGATGCTGACGGGCAATCCTGAGCCAA,27,258.4,8294,9.8,37.9,380,100,,81.8,-,10,-,314.5,No,Moderate,59.2,N/A,
VC00090N,8817095774-10/80,HA14968310,0.05 UMO,A11,DST,SPER01F_0N_081,TGCAATCCGTGGGCAATCCTGAGCCAA,27,257.1,8269,8.44,32.8,329,100,,81.9,-,10,-,271.4,No,Moderate,55.5,N/A,
VC00090N,8817095774-10/81,HA14968311,0.05 UMO,B11,DST,SPER01F_0N_082,CACCTTGTGGGGCAATCCTGAGCCAA,26,244,7956,7.48,30.6,307,100,,78.9,-,10,-,243.9,No,Moderate,57.6,N/A,
VC00090N,8817095774-10/82,HA14968312,0.05 UMO,C11,DST,SPER01F_0N_083,CACGATCGTGGGCAATCCTGAGCCAA,26,250.3,7965,7.64,30.5,306,100,,79.9,-,10,-,243.1,No,Moderate,57.6,N/A,
VC00090N,8817095774-10/83,HA14968313,0.05 UMO,D11,DST,SPER01F_0N_084,TACGCAGTAGGGCAATCCTGAGCCAA,26,256.8,7989,7.2,28.0,281,100,,75.0,-,10,-,223.9,No,Moderate,53.8,N/A,
VC00090N,8817095774-10/84,HA14968314,0.05 UMO,E11,DST,SPER01F_0N_085,CACTACTGGGGGCAATCCTGAGCCAA,26,248.3,7965,7.6,30.6,307,100,,76.4,-,10,-,243.7,No,Moderate,57.6,N/A,
VC00090N,8817095774-10/85,HA14968315,0.05 UMO,F11,DST,SPER01F_0N_086,CAGACATCCGGGCAATCCTGAGCCAA,26,251.5,7934,7.84,31.1,312,100,,79.1,-,10,-,247.3,No,Moderate,57.6,N/A,
VC00090N,8817095774-10/86,HA14968316,0.05 UMO,G11,DST,SPER01F_0N_087,CAGCAACTGGGGCAATCCTGAGCCAA,26,251.4,7974,9.56,38.0,381,100,,79.0,-,10,-,303.2,No,Moderate,57.6,N/A,
VC00090N,8817095774-10/87,HA14968317,0.05 UMO,H11,DST,SPER01F_0N_088,TAGCAAGGTGGGCAATCCTGAGCCAA,26,258.1,8029,9.28,35.9,360,100,,76.7,-,10,-,288.6,No,Moderate,53.8,N/A,
VC00090N,8817095774-10/88,HA14968318,0.05 UMO,A12,DST,SPER01F_0N_089,CAGTTCCACGGGCAATCCTGAGCCAA,26,247,7925,9.0,36.4,365,100,,79.0,-,10,-,288.7,No,Moderate,57.6,N/A,
VC00090N,8817095774-10/89,HA14968319,0.05 UMO,B12,DST,SPER01F_0N_090,TATACCACCGGGCAATCCTGAGCCAA,26,250.6,7909,9.44,37.6,377,100,,76.2,-,10,-,297.9,No,Moderate,53.8,N/A,
VC00090N,8817095774-10/90,HA14968320,0.05 UMO,C12,DST,SPER01F_0N_091,CATCAGAGCGGGCAATCCTGAGCCAA,26,254.2,7974,9.44,37.1,372,100,,79.2,-,10,-,296.1,No,Moderate,57.6,N/A,
VC00090N,8817095774-10/91,HA14968321,0.05 UMO,D12,DST,SPER01F_0N_092,TATCCACCAGGGCAATCCTGAGCCAA,26,250.4,7909,8.92,35.6,357,100,,76.7,-,10,-,281.7,No,Strong,53.8,N/A,
VC00090N,8817095774-10/92,HA14968322,0.05 UMO,E12,DST,SPER01F_0N_093,CATCGGATGGGGCAATCCTGAGCCAA,26,253,8005,7.88,31.1,312,100,,80.3,-,10,-,249.3,No,Moderate,57.6,N/A,
VC00090N,8817095774-10/93,HA14968323,0.05 UMO,F12,DST,SPER01F_0N_094,TATGCTTGGGGGCAATCCTGAGCCAA,26,248.3,8011,8.96,36.0,361,100,,77.9,-,10,-,289.0,No,Moderate,53.8,N/A,
VC00090N,8817095774-10/94,HA14968324,0.05 UMO,G12,DST,SPER01F_0N_095,CATTCGCAGGGGCAATCCTGAGCCAA,26,249.1,7965,9.2,36.9,370,100,,80.2,-,10,-,294.1,No,Strong,57.6,N/A,
VC00090N,8817095774-10/95,HA14968325,0.05 UMO,H12,DST,SPER01F_0N_096,TATTGCAGCGGGCAATCCTGAGCCAA,26,250.1,7980,8.24,32.9,330,100,,78.8,-,10,-,262.9,No,Moderate,53.8,N/A,
VC00090N,8817095774-30/0,HA14968422,0.05 UMO,A01,DST,SPER03F_0N_001,ACGCATCTTCACCACAAACAGARACTAAARC,31,306.8,9419,12.27,40.0,400,100,,61.4,-,30,-,376.7,No,Very Weak,38.7,N/A,
VC00090N,8817095774-30/1,HA14968423,0.05 UMO,B01,DST,SPER03F_0N_002,ACGCTTATGCACCACAAACAGARACTAAARC,31,309.1,9459,12.36,40.0,400,100,,61.4,-,30,-,378.3,No,None,38.7,N/A,
VC00090N,8817095774-30/2,HA14968424,0.05 UMO,C01,DST,SPER03F_0N_003,ACGTAAGTCCACCACAAACAGARACTAAARC,31,316.6,9468,12.66,40.0,400,100,,59.1,-,30,-,378.7,No,Very Weak,38.7,N/A,
VC00090N,8817095774-30/3,HA14968425,0.05 UMO,D01,DST,SPER03F_0N_004,ACTAACTCCCACCACAAACAGARACTAAARC,31,308,9388,12.32,40.0,400,100,,58.4,-,30,-,375.5,No,None,38.7,N/A,
VC00090N,8817095774-30/4,HA14968426,0.05 UMO,E01,DST,SPER03F_0N_005,ACTAGACCTCACCACAAACAGARACTAAARC,31,312.1,9428,12.48,40.0,400,100,,56.9,-,30,-,377.1,No,Very Weak,38.7,N/A,
VC00090N,8817095774-30/5,HA14968427,0.05 UMO,F01,DST,SPER03F_0N_006,CTGTCGGACTTCACCACAAACAGARACTAAARC,33,321.9,10069,12.87,40.0,400,100,,63.5,-,30,-,402.7,No,Moderate,42.4,N/A,
VC00090N,8817095774-30/6,HA14968428,0.05 UMO,G01,DST,SPER03F_0N_007,TAGTCGTTCACCACCACAAACAGARACTAAARC,33,327.3,10053,13.09,40.0,400,100,,62.2,-,30,-,402.1,No,Weak,39.3,N/A,
VC00090N,8817095774-30/7,HA14968429,0.05 UMO,H01,DST,SPER03F_0N_008,TCGTGAGACAGCACCACAAACAGARACTAAARC,33,334.7,10127,13.38,40.0,400,100,,64.7,-,30,-,405.0,No,Weak,42.4,N/A,
VC00090N,8817095774-30/8,HA14968430,0.05 UMO,A02,DST,SPER03F_0N_009,TGGAACCTAGCCACCACAAACAGARACTAAARC,33,330,10087,13.2,40.0,400,100,,64.5,-,30,-,403.4,No,Weak,42.4,N/A,
VC00090N,8817095774-30/9,HA14968431,0.05 UMO,B02,DST,SPER03F_0N_010,CCGAATACGGCCACCACAAACAGARACTAAARC,33,329.6,10072,13.18,40.0,400,100,,67.3,-,30,-,402.8,No,Moderate,45.4,N/A,
VC00090N,8817095774-30/10,HA14968432,0.05 UMO,C02,DST,SPER03F_0N_011,TTGAATTGCCGCACCACAAACAGARACTAAARC,33,325.4,10093,13.01,40.0,400,100,,67.1,-,30,-,403.7,No,Very Weak,39.3,N/A,
VC00090N,8817095774-30/11,HA14968433,0.05 UMO,D02,DST,SPER03F_0N_012,CGGACACTCCTCACCACAAACAGARACTAAARC,33,321.8,10023,12.87,40.0,400,100,,65.0,-,30,-,400.9,No,Weak,45.4,N/A,
VC00090N,8817095774-30/12,HA14968434,0.05 UMO,E02,DST,SPER03F_0N_013,CGTACAGTGAGCACCACAAACAGARACTAAARC,33,335.4,10127,13.41,40.0,400,100,,62.7,-,30,-,405.0,No,Weak,42.4,N/A,
VC00090N,8817095774-30/13,HA14968435,0.05 UMO,F02,DST,SPER03F_0N_014,TGAAGAGCTACCACCACAAACAGARACTAAARC,33,336,10111,13.44,40.0,400,100,,61.7,-,30,-,404.4,No,None,39.3,N/A,
VC00090N,8817095774-30/14,HA14968436,0.05 UMO,G02,DST,SPER03F_0N_015,TGTAGCATCCACACCACAAACAGARACTAAARC,33,330.2,10062,13.20,40.0,400,100,,62.8,-,30,-,402.4,No,Very Weak,39.3,N/A,
VC00090N,8817095774-30/15,HA14968437,0.05 UMO,H02,DST,SPER03F_0N_016,TTAAGCGACATCACCACAAACAGARACTAAARC,33,334.8,10086,13.39,40.0,400,100,,62.2,-,30,-,403.4,No,None,36.3,N/A,
VC00090N,8817095774-30/16,HA14968438,0.05 UMO,A03,DST,SPER03F_0N_017,ATAATACAGCGCACCACAAACAGARACTAAARC,33,340.4,10095,12.32,36.1,362,100,,61.5,-,30,-,365.3,No,None,36.3,N/A,
VC00090N,8817095774-30/17,HA14968439,0.05 UMO,B03,DST,SPER03F_0N_018,CCAACAGGAGCACCACAAACAGARACTAAARC,32,325.9,9791,13.03,40.0,400,100,,64.1,-,30,-,391.6,No,None,43.7,N/A,
VC00090N,8817095774-30/18,HA14968440,0.05 UMO,C03,DST,SPER03F_0N_019,TTAACTACGCCACCACAAACAGARACTAAARC,32,318.3,9732,12.73,40.0,400,100,,60.7,-,30,-,389.2,No,None,37.5,N/A,
VC00090N,8817095774-30/19,HA14968441,0.05 UMO,D03,DST,SPER03F_0N_020,CCAAGCTCCACACCACAAACAGARACTAAARC,32,315,9702,12.6,40.0,400,100,,64.1,-,30,-,388.0,No,None,43.7,N/A,
VC00090N,8817095774-30/20,HA14968442,0.05 UMO,E03,DST,SPER03F_0N_021,CGAAGGTTCGCACCACAAACAGARACTAAARC,32,321,9813,12.84,40.0,400,100,,65.6,-,30,-,392.5,No,Weak,43.7,N/A,
VC00090N,8817095774-30/21,HA14968443,0.05 UMO,F03,DST,SPER03F_0N_022,TCACACACAGCACCACAAACAGARACTAAARC,32,321.3,9726,12.85,40.0,400,100,,62.8,-,30,-,389.0,No,None,40.6,N/A,
VC00090N,8817095774-30/22,HA14968444,0.05 UMO,G03,DST,SPER03F_0N_023,TTACACTAGGCACCACAAACAGARACTAAARC,32,322,9772,12.88,40.0,400,100,,59.2,-,30,-,390.8,No,Very Weak,37.5,N/A,
VC00090N,8817095774-30/23,HA14968445,0.05 UMO,H03,DST,SPER03F_0N_024,CTACCGTAACCACCACAAACAGARACTAAARC,32,318.5,9717,12.74,40.0,400,100,,60.3,-,30,-,388.6,No,None,40.6,N/A,
VC00090N,8817095774-30/24,HA14968446,0.05 UMO,A04,DST,SPER03F_0N_025,TCACCTCTGTCACCACAAACAGARACTAAARC,32,309.2,9699,12.36,40.0,400,100,,61.5,-,30,-,387.9,No,Moderate,40.6,N/A,
VC00090N,8817095774-30/25,HA14968447,0.05 UMO,B04,DST,SPER03F_0N_026,TTACGCGTATCACCACAAACAGARACTAAARC,32,319.5,9763,12.78,40.0,400,100,,61.3,-,30,-,390.5,No,None,37.5,N/A,
VC00090N,8817095774-30/26,HA14968448,0.05 UMO,C04,DST,SPER03F_0N_027,TCAGAGTCTGCACCACAAACAGARACTAAARC,32,319.9,9788,12.79,40.0,400,100,,61.7,-,30,-,391.5,No,Moderate,40.6,N/A,
VC00090N,8817095774-30/27,HA14968449,0.05 UMO,D04,DST,SPER03F_0N_028,TGAGATCTCGCACCACAAACAGARACTAAARC,32,319.7,9788,12.78,40.0,400,100,,63.1,-,30,-,391.5,No,Very Weak,40.6,N/A,
VC00090N,8817095774-30/28,HA14968450,0.05 UMO,E04,DST,SPER03F_0N_029,CCATGAGCACCACCACAAACAGARACTAAARC,32,319.1,9742,12.76,40.0,400,100,,64.7,-,30,-,389.6,No,None,43.7,N/A,
VC00090N,8817095774-30/29,HA14968451,0.05 UMO,F04,DST,SPER03F_0N_030,TCCAAGCGTACACCACAAACAGARACTAAARC,32,321.3,9757,12.85,40.0,400,100,,62.9,-,30,-,390.2,No,None,40.6,N/A,
VC00090N,8817095774-30/30,HA14968452,0.05 UMO,G04,DST,SPER03F_0N_031,TTCAATGGCTCACCACAAACAGARACTAAARC,32,316.1,9763,12.64,40.0,400,100,,62.9,-,30,-,390.5,No,Weak,37.5,N/A,
VC00090N,8817095774-30/31,HA14968453,0.05 UMO,H04,DST,SPER03F_0N_032,CACAAGCTGCACCACAAACAGARACTAAARC,31,309.5,9453,11.32,36.5,366,100,,62.6,-,30,-,345.7,No,Weak,41.9,N/A,
VC00090N,8817095774-30/32,HA14968454,0.05 UMO,A05,DST,SPER03F_0N_033,TACAACGCTCACCACAAACAGARACTAAARC,31,309.6,9428,12.38,40.0,400,100,,60.5,-,30,-,377.1,No,None,38.7,N/A,
VC00090N,8817095774-30/33,HA14968455,0.05 UMO,B05,DST,SPER03F_0N_034,CATTGGCGTCACCACAAACAGARACTAAARC,31,306.6,9475,12.26,40.0,400,100,,63.9,-,30,-,379.0,No,Weak,41.9,N/A,
VC00090N,8817095774-30/34,HA14968456,0.05 UMO,C05,DST,SPER03F_0N_035,TCATAGTCGCACCACAAACAGARACTAAARC,31,311.2,9459,12.44,40.0,400,100,,60.5,-,30,-,378.3,No,Weak,38.7,N/A,
VC00090N,8817095774-30/35,HA14968457,0.05 UMO,D05,DST,SPER03F_0N_036,ACATCGGATCACCACAAACAGARACTAAARC,31,316,9468,12.64,40.0,400,100,,61.2,-,30,-,378.7,No,None,38.7,N/A,
VC00090N,8817095774-30/36,HA14968458,0.05 UMO,E05,DST,SPER03F_0N_037,ACATGGCAACACCACAAACAGARACTAAARC,31,317.3,9477,12.69,40.0,400,100,,61.9,-,30,-,379.0,No,Weak,38.7,N/A,
VC00090N,8817095774-30/37,HA14968459,0.05 UMO,F05,DST,SPER03F_0N_038,TAATCGGATCACACCACAAACAGARACTAAARC,33,336,10086,13.44,40.0,400,100,,62.0,-,30,-,403.4,No,None,36.3,N/A,
VC00090N,8817095774-30/38,HA14968460,0.05 UMO,G05,DST,SPER03F_0N_039,TGGTGAGTGACCACCACAAACAGARACTAAARC,33,333.5,10158,13.34,40.0,400,100,,64.4,-,30,-,406.3,No,Strong,42.4,N/A,
VC00090N,8817095774-30/39,HA14968461,0.05 UMO,H05,DST,SPER03F_0N_040,CTGAACACCGTCACCACAAACAGARACTAAARC,33,327.2,10047,13.08,40.0,400,100,,64.1,-,30,-,401.8,No,Weak,42.4,N/A,
VC00090N,8817095774-30/40,HA14968462,0.05 UMO,A06,DST,SPER03F_0N_041,TCGAACCAACGCACCACAAACAGARACTAAARC,33,330.6,10056,12.92,39.0,391,100,,67.2,-,30,-,392.9,No,None,42.4,N/A,
VC00090N,8817095774-30/41,HA14968463,0.05 UMO,B06,DST,SPER03F_0N_042,CATAACTCCTGCACCACAAACAGARACTAAARC,33,324.6,10022,12.98,40.0,400,100,,61.9,-,30,-,400.8,No,Weak,39.3,N/A,
VC00090N,8817095774-30/42,HA14968464,0.05 UMO,C06,DST,SPER03F_0N_043,TGTAAGGCTGTCACCACAAACAGARACTAAARC,33,330.9,10133,13.23,40.0,400,100,,62.3,-,30,-,405.3,No,Moderate,39.3,N/A,
VC00090N,8817095774-30/43,HA14968465,0.05 UMO,D06,DST,SPER03F_0N_044,CCTAATGCCAGCACCACAAACAGARACTAAARC,33,326.4,10047,13.05,40.0,400,100,,64.8,-,30,-,401.8,No,None,42.4,N/A,
VC00090N,8817095774-30/44,HA14968466,0.05 UMO,E06,DST,SPER03F_0N_045,CTTACCTAACCCACCACAAACAGARACTAAARC,33,322.5,9982,12.9,40.0,400,100,,60.5,-,30,-,399.2,No,None,39.3,N/A,
VC00090N,8817095774-30/45,HA14968467,0.05 UMO,F06,DST,SPER03F_0N_046,TCCAGAACGTGCACCACAAACAGARACTAAARC,33,330.6,10087,13.22,40.0,400,100,,65.9,-,30,-,403.4,No,Weak,42.4,N/A,
VC00090N,8817095774-30/46,HA14968468,0.05 UMO,G06,DST,SPER03F_0N_047,TCGAGACCTGTCACCACAAACAGARACTAAARC,33,327.7,10078,13.10,40.0,400,100,,63.9,-,30,-,403.1,No,Moderate,42.4,N/A,
VC00090N,8817095774-30/47,HA14968469,0.05 UMO,H06,DST,SPER03F_0N_048,TCTAGACGAACCACCACAAACAGARACTAAARC,33,333.9,10071,13.35,40.0,400,100,,61.6,-,30,-,402.8,No,Very Weak,39.3,N/A,
VC00090N,8817095774-30/48,HA14968470,0.05 UMO,A07,DST,SPER03F_0N_049,TGCAGATCAGCCACCACAAACAGARACTAAARC,33,330.6,10087,13.22,40.0,400,100,,66.0,-,30,-,403.4,No,None,42.4,N/A,
VC00090N,8817095774-30/49,HA14968471,0.05 UMO,B07,DST,SPER03F_0N_050,TTCAGCTTCGTCACCACAAACAGARACTAAARC,33,320.6,10044,12.82,40.0,400,100,,63.9,-,30,-,401.7,No,None,39.3,N/A,
VC00090N,8817095774-30/50,HA14968472,0.05 UMO,C07,DST,SPER03F_0N_051,TTGAGGCAAGTCACCACAAACAGARACTAAARC,33,334.8,10142,13.39,40.0,400,100,,63.8,-,30,-,405.6,No,Very Weak,39.3,N/A,
VC00090N,8817095774-30/51,HA14968473,0.05 UMO,D07,DST,SPER03F_0N_052,AGGAGTGTTCCCACCACAAACAGARACTAAARC,33,332.5,10118,13.3,40.0,400,100,,63.9,-,30,-,404.7,No,Weak,42.4,N/A,
VC00090N,8817095774-30/52,HA14968474,0.05 UMO,E07,DST,SPER03F_0N_053,ATTATACCGGACACCACAAACAGARACTAAARC,33,337.7,10086,13.50,40.0,400,100,,60.6,-,30,-,403.4,No,None,36.3,N/A,
VC00090N,8817095774-30/53,HA14968475,0.05 UMO,F07,DST,SPER03F_0N_054,TTATACGTGCCACCACAAACAGARACTAAARC,32,318.9,9763,12.75,40.0,400,100,,61.2,-,30,-,390.5,No,Weak,37.5,N/A,
VC00090N,8817095774-30/54,HA14968476,0.05 UMO,G07,DST,SPER03F_0N_055,TGCTGTTCGTCACCACAAACAGARACTAAARC,32,310.7,9770,12.42,40.0,400,100,,63.7,-,30,-,390.8,No,Moderate,40.6,N/A,
VC00090N,8817095774-30/55,HA14968477,0.05 UMO,H07,DST,SPER03F_0N_056,AGACAAGACCCACCACAAACAGARACTAAARC,32,330.6,9775,13.22,40.0,400,100,,61.6,-,30,-,391.0,No,None,40.6,N/A,
VC00090N,8817095774-30/56,HA14968478,0.05 UMO,A08,DST,SPER03F_0N_057,TGACACAGGTCACCACAAACAGARACTAAARC,32,324.4,9797,12.97,40.0,400,100,,62.0,-,30,-,391.8,No,Moderate,40.6,N/A,
VC00090N,8817095774-30/57,HA14968479,0.05 UMO,B08,DST,SPER03F_0N_058,AGACACTGTCCACCACAAACAGARACTAAARC,32,322.2,9757,12.88,40.0,400,100,,60.7,-,30,-,390.2,No,Moderate,40.6,N/A,
VC00090N,8817095774-30/58,HA14968480,0.05 UMO,C08,DST,SPER03F_0N_059,TACAGGTCACACCACAAACAGARACTAAARC,31,315.1,9468,12.60,40.0,400,100,,58.7,-,30,-,378.7,No,Weak,38.7,N/A,
VC00090N,8817095774-30/59,HA14968481,0.05 UMO,D08,DST,SPER03F_0N_060,CACGGAACTCACCACAAACAGARACTAAARC,31,311.3,9453,12.45,40.0,400,100,,61.7,-,30,-,378.1,No,None,41.9,N/A,
VC00090N,8817095774-30/60,HA14968482,0.05 UMO,E08,DST,SPER03F_0N_061,TACGTCTACCACCACAAACAGARACTAAARC,31,308.1,9419,12.32,40.0,400,100,,58.1,-,30,-,376.7,No,Very Weak,38.7,N/A,
VC00090N,8817095774-30/61,HA14968483,0.05 UMO,F08,DST,SPER03F_0N_062,CAGCATTGCCACCACAAACAGARACTAAARC,31,306.6,9444,12.26,40.0,400,100,,63.9,-,30,-,377.7,No,Very Weak,41.9,N/A,
VC00090N,8817095774-30/62,HA14968484,0.05 UMO,G08,DST,SPER03F_0N_063,TAGCTGTGACACCACAAACAGARACTAAARC,31,312.3,9499,12.49,40.0,400,100,,58.9,-,30,-,379.9,No,Moderate,38.7,N/A,
VC00090N,8817095774-30/63,HA14968485,0.05 UMO,H08,DST,SPER03F_0N_064,CAGGTAGTGCACCACAAACAGARACTAAARC,31,315.4,9524,12.61,40.0,400,100,,60.2,-,30,-,380.9,No,Weak,41.9,N/A,
VC00090N,8817095774-30/64,HA14968486,0.05 UMO,A09,DST,SPER03F_0N_065,CTGACCAGTACCACCACAAACAGARACTAAARC,33,328.6,10047,8.6,26.1,262,100,,61.9,-,30,-,262.9,No,Weak,42.4,N/A,
VC00090N,8817095774-30/65,HA14968487,0.05 UMO,B09,DST,SPER03F_0N_066,TATACGTCACACACCACAAACAGARACTAAARC,33,333.9,10046,13.35,40.0,400,100,,59.7,-,30,-,401.8,No,None,36.3,N/A,
VC00090N,8817095774-30/66,HA14968488,0.05 UMO,C09,DST,SPER03F_0N_067,TGGAGCAGTCTCACCACAAACAGARACTAAARC,33,330,10118,13.2,40.0,400,100,,64.0,-,30,-,404.7,No,Weak,42.4,N/A,
VC00090N,8817095774-30/67,HA14968489,0.05 UMO,D09,DST,SPER03F_0N_068,CAGATAGTGGCCACCACAAACAGARACTAAARC,33,335.2,10127,13.40,40.0,400,100,,63.4,-,30,-,405.0,No,Strong,42.4,N/A,
VC00090N,8817095774-30/68,HA14968490,0.05 UMO,E09,DST,SPER03F_0N_069,TACTGAGTCTCACCACAAACAGARACTAAARC,32,318.7,9763,12.74,40.0,400,100,,57.6,-,30,-,390.5,No,Weak,37.5,N/A,
VC00090N,8817095774-30/69,HA14968491,0.05 UMO,F09,DST,SPER03F_0N_070,TCCTGCGAATCACCACAAACAGARACTAAARC,32,315.6,9748,12.62,40.0,400,100,,64.5,-,30,-,389.9,No,Weak,40.6,N/A,
VC00090N,8817095774-30/70,HA14968492,0.05 UMO,G09,DST,SPER03F_0N_071,TTGTCAATGCCACCACAAACAGARACTAAARC,32,316.7,9763,12.66,40.0,400,100,,63.5,-,30,-,390.5,No,Weak,37.5,N/A,
VC00090N,8817095774-30/71,HA14968493,0.05 UMO,H09,DST,SPER03F_0N_072,CGAACCTGCTCACCACAAACAGARACTAAARC,32,313,9733,8.84,28.2,283,100,,64.2,-,30,-,274.8,No,Weak,43.7,N/A,
VC00090N,8817095774-30/72,HA14968494,0.05 UMO,A10,DST,SPER03F_0N_073,TGAACGCTTCCACCACAAACAGARACTAAARC,32,314.6,9748,12.58,40.0,400,100,,64.5,-,30,-,389.9,No,Very Weak,40.6,N/A,
VC00090N,8817095774-30/73,HA14968495,0.05 UMO,B10,DST,SPER03F_0N_074,ATAAGCCGAACACCACAAACAGARACTAAARC,32,331.3,9790,13.25,40.0,400,100,,61.5,-,30,-,391.6,No,None,37.5,N/A,
VC00090N,8817095774-30/74,HA14968496,0.05 UMO,C10,DST,SPER03F_0N_075,CCACCATGGACACCACAAACAGARACTAAARC,32,319.3,9742,12.77,40.0,400,100,,64.6,-,30,-,389.6,No,Weak,43.7,N/A,
VC00090N,8817095774-30/75,HA14968497,0.05 UMO,D10,DST,SPER03F_0N_076,CGACCGCATACACCACAAACAGARACTAAARC,32,319.9,9742,12.79,40.0,400,100,,64.6,-,30,-,389.6,No,None,43.7,N/A,
VC00090N,8817095774-30/76,HA14968498,0.05 UMO,E10,DST,SPER03F_0N_077,TGACGAACTCCACCACAAACAGARACTAAARC,32,319.9,9757,12.04,37.6,377,100,,63.0,-,30,-,367.2,No,None,40.6,N/A,
VC00090N,8817095774-30/77,HA14968499,0.05 UMO,F10,DST,SPER03F_0N_078,CGAGACGCTTCACCACAAACAGARACTAAARC,32,317.7,9773,12.70,40.0,400,100,,64.3,-,30,-,390.9,No,None,43.7,N/A,
VC00090N,8817095774-30/78,HA14968500,0.05 UMO,G10,DST,SPER03F_0N_079,CAATCACCAGCACCACAAACAGARACTAAARC,32,321.2,9726,12.84,40.0,400,100,,63.2,-,30,-,389.0,No,None,40.6,N/A,
VC00090N,8817095774-30/79,HA14968501,0.05 UMO,H10,DST,SPER03F_0N_080,CGATGCTGACCACCACAAACAGARACTAAARC,32,317.1,9773,12.68,40.0,400,100,,64.8,-,30,-,390.9,No,Weak,43.7,N/A,
VC00090N,8817095774-30/80,HA14968502,0.05 UMO,A11,DST,SPER03F_0N_081,TGCAATCCGTCACCACAAACAGARACTAAARC,32,316.4,9748,9.32,29.4,295,100,,65.0,-,30,-,287.1,No,None,40.6,N/A,
VC00090N,8817095774-30/81,HA14968503,0.05 UMO,B11,DST,SPER03F_0N_082,CACCTTGTGCACCACAAACAGARACTAAARC,31,302.1,9435,12.08,40.0,400,100,,62.4,-,30,-,377.4,No,Moderate,41.9,N/A,
VC00090N,8817095774-30/82,HA14968504,0.05 UMO,C11,DST,SPER03F_0N_083,CACGATCGTCACCACAAACAGARACTAAARC,31,309.6,9444,8.76,28.2,283,100,,62.4,-,30,-,267.2,No,None,41.9,N/A,
VC00090N,8817095774-30/83,HA14968505,0.05 UMO,D11,DST,SPER03F_0N_084,TACGCAGTACACCACAAACAGARACTAAARC,31,315.1,9468,9.56,30.3,304,100,,58.9,-,30,-,287.2,No,Very Weak,38.7,N/A,
VC00090N,8817095774-30/84,HA14968506,0.05 UMO,E11,DST,SPER03F_0N_085,CACTACTGGCACCACAAACAGARACTAAARC,31,306.4,9444,12.25,40.0,400,100,,60.2,-,30,-,377.7,No,Weak,41.9,N/A,
VC00090N,8817095774-30/85,HA14968507,0.05 UMO,F11,DST,SPER03F_0N_086,CAGACATCCCACCACAAACAGARACTAAARC,31,310.2,9413,12.40,40.0,400,100,,61.6,-,30,-,376.5,No,None,41.9,N/A,
VC00090N,8817095774-30/86,HA14968508,0.05 UMO,G11,DST,SPER03F_0N_087,CAGCAACTGCACCACAAACAGARACTAAARC,31,309.5,9453,12.38,40.0,400,100,,62.6,-,30,-,378.1,No,Weak,41.9,N/A,
VC00090N,8817095774-30/87,HA14968509,0.05 UMO,H11,DST,SPER03F_0N_088,TAGCAAGGTCACCACAAACAGARACTAAARC,31,317.4,9508,12.69,40.0,400,100,,59.9,-,30,-,380.3,No,Very Weak,38.7,N/A,
VC00090N,8817095774-30/88,HA14968510,0.05 UMO,A12,DST,SPER03F_0N_089,CAGTTCCACCACCACAAACAGARACTAAARC,31,305.7,9404,12.22,40.0,400,100,,61.6,-,30,-,376.1,No,Very Weak,41.9,N/A,
VC00090N,8817095774-30/89,HA14968511,0.05 UMO,B12,DST,SPER03F_0N_090,TATACCACCCACCACAAACAGARACTAAARC,31,309.3,9388,12.37,40.0,400,100,,59.5,-,30,-,375.5,No,None,38.7,N/A,
VC00090N,8817095774-30/90,HA14968512,0.05 UMO,C12,DST,SPER03F_0N_091,CATCAGAGCCACCACAAACAGARACTAAARC,31,312.9,9453,12.51,40.0,400,100,,61.8,-,30,-,378.1,No,None,41.9,N/A,
VC00090N,8817095774-30/91,HA14968513,0.05 UMO,D12,DST,SPER03F_0N_092,TATCCACCACACCACAAACAGARACTAAARC,31,308.7,9388,12.34,40.0,400,100,,60.2,-,30,-,375.5,No,None,38.7,N/A,
VC00090N,8817095774-30/92,HA14968514,0.05 UMO,E12,DST,SPER03F_0N_093,CATCGGATGCACCACAAACAGARACTAAARC,31,311.1,9484,12.44,40.0,400,100,,63.9,-,30,-,379.3,No,Very Weak,41.9,N/A,
VC00090N,8817095774-30/93,HA14968515,0.05 UMO,F12,DST,SPER03F_0N_094,TATGCTTGGCACCACAAACAGARACTAAARC,31,306.4,9490,12.25,40.0,400,100,,62.0,-,30,-,379.6,No,Weak,38.7,N/A,
VC00090N,8817095774-30/94,HA14968516,0.05 UMO,G12,DST,SPER03F_0N_095,CATTCGCAGCACCACAAACAGARACTAAARC,31,307.2,9444,12.28,40.0,400,100,,64.0,-,30,-,377.7,No,None,41.9,N/A,
VC00090N,8817095774-30/95,HA14968517,0.05 UMO,H12,DST,SPER03F_0N_096,TATTGCAGCCACCACAAACAGARACTAAARC,31,308.8,9459,12.35,40.0,400,100,,62.0,-,30,-,378.3,No,Very Weak,38.7,N/A,
VC00090N,8817095774-40/0,HA14968518,0.05 UMO,A01,DST,SPER03R_0N_001,ACGCATCTTTCCAYACRGTTGTCCATGTACC,31,282.7,9382,11.30,40.0,400,100,,75.1,-,40,-,375.2,No,Very Weak,45.1,N/A,
VC00090N,8817095774-40/1,HA14968519,0.05 UMO,B01,DST,SPER03R_0N_002,ACGCTTATGTCCAYACRGTTGTCCATGTACC,31,286.8,9422,11.47,40.0,400,100,,73.5,-,40,-,376.8,No,Very Weak,45.1,N/A,
VC00090N,8817095774-40/2,HA14968520,0.05 UMO,C01,DST,SPER03R_0N_003,ACGTAAGTCTCCAYACRGTTGTCCATGTACC,31,292.5,9431,11.7,40.0,400,100,,71.5,-,40,-,377.2,No,Very Weak,45.1,N/A,
VC00090N,8817095774-40/3,HA14968521,0.05 UMO,D01,DST,SPER03R_0N_004,ACTAACTCCTCCAYACRGTTGTCCATGTACC,31,283.9,9351,11.35,40.0,400,100,,70.8,-,40,-,374.0,No,Very Weak,45.1,N/A,
VC00090N,8817095774-40/4,HA14968522,0.05 UMO,E01,DST,SPER03R_0N_005,ACTAGACCTTCCAYACRGTTGTCCATGTACC,31,288,9391,11.52,40.0,400,100,,70.8,-,40,-,375.6,No,Weak,45.1,N/A,
VC00090N,8817095774-40/5,HA14968523,0.05 UMO,F01,DST,SPER03R_0N_006,CTGTCGGACTTTCCAYACRGTTGTCCATGTACC,33,297.8,10031,11.91,40.0,400,100,,76.7,-,40,-,401.2,No,Strong,48.4,N/A,
VC00090N,8817095774-40/6,HA14968524,0.05 UMO,G01,DST,SPER03R_0N_007,TAGTCGTTCACTCCAYACRGTTGTCCATGTACC,33,303.2,10015,12.12,40.0,400,100,,74.3,-,40,-,400.5,No,Very Weak,45.4,N/A,
VC00090N,8817095774-40/7,HA14968525,0.05 UMO,H01,DST,SPER03R_0N_008,TCGTGAGACAGTCCAYACRGTTGTCCATGTACC,33,312.4,10089,6.56,20.9,210,100,,77.0,-,40,-,211.8,No,Moderate,48.4,N/A,
VC00090N,8817095774-40/8,HA14968526,0.05 UMO,A02,DST,SPER03R_0N_009,TGGAACCTAGCTCCAYACRGTTGTCCATGTACC,33,305.9,10049,12.23,40.0,400,100,,76.2,-,40,-,401.9,No,Moderate,48.4,N/A,
VC00090N,8817095774-40/9,HA14968527,0.05 UMO,B02,DST,SPER03R_0N_010,CCGAATACGGCTCCAYACRGTTGTCCATGTACC,33,305.5,10034,12.22,40.0,400,100,,78.8,-,40,-,401.3,No,Moderate,51.5,N/A,
VC00090N,8817095774-40/10,HA14968528,0.05 UMO,C02,DST,SPER03R_0N_011,TTGAATTGCCGTCCAYACRGTTGTCCATGTACC,33,303.1,10055,12.12,40.0,400,100,,78.7,-,40,-,402.1,No,None,45.4,N/A,
VC00090N,8817095774-40/11,HA14968529,0.05 UMO,D02,DST,SPER03R_0N_012,CGGACACTCCTTCCAYACRGTTGTCCATGTACC,33,297.7,9985,11.90,40.0,400,100,,78.1,-,40,-,399.3,No,Strong,51.5,N/A,
VC00090N,8817095774-40/12,HA14968530,0.05 UMO,E02,DST,SPER03R_0N_013,CGTACAGTGAGTCCAYACRGTTGTCCATGTACC,33,313.1,10089,12.52,40.0,400,100,,74.8,-,40,-,403.5,No,Moderate,48.4,N/A,
VC00090N,8817095774-40/13,HA14968531,0.05 UMO,F02,DST,SPER03R_0N_014,TGAAGAGCTACTCCAYACRGTTGTCCATGTACC,33,311.9,10073,12.47,40.0,400,100,,73.7,-,40,-,402.9,No,Weak,45.4,N/A,
VC00090N,8817095774-40/14,HA14968532,0.05 UMO,G02,DST,SPER03R_0N_015,TGTAGCATCCATCCAYACRGTTGTCCATGTACC,33,307.1,10024,12.28,40.0,400,100,,76.2,-,40,-,400.9,No,Very Weak,45.4,N/A,
VC00090N,8817095774-40/15,HA14968533,0.05 UMO,H02,DST,SPER03R_0N_016,TTAAGCGACATTCCAYACRGTTGTCCATGTACC,33,310.7,10048,12.42,40.0,400,100,,75.1,-,40,-,401.9,No,Moderate,42.4,N/A,
VC00090N,8817095774-40/16,HA14968534,0.05 UMO,A03,DST,SPER03R_0N_017,ATAATACAGCGTCCAYACRGTTGTCCATGTACC,33,318.1,10057,12.72,40.0,400,100,,72.9,-,40,-,402.2,No,Weak,42.4,N/A,
VC00090N,8817095774-40/17,HA14968535,0.05 UMO,B03,DST,SPER03R_0N_018,CCAACAGGAGTCCAYACRGTTGTCCATGTACC,32,303.6,9754,12.14,40.0,400,100,,76.3,-,40,-,390.1,No,Moderate,50,N/A,
VC00090N,8817095774-40/18,HA14968536,0.05 UMO,C03,DST,SPER03R_0N_019,TTAACTACGCTCCAYACRGTTGTCCATGTACC,32,294.2,9695,11.76,40.0,400,100,,72.5,-,40,-,387.7,No,Very Weak,43.7,N/A,
VC00090N,8817095774-40/19,HA14968537,0.05 UMO,D03,DST,SPER03R_0N_020,CCAAGCTCCATCCAYACRGTTGTCCATGTACC,32,291.9,9665,11.67,40.0,400,100,,77.5,-,40,-,386.5,No,Very Weak,50,N/A,
VC00090N,8817095774-40/20,HA14968538,0.05 UMO,E03,DST,SPER03R_0N_021,CGAAGGTTCGTCCAYACRGTTGTCCATGTACC,32,298.7,9776,11.94,40.0,400,100,,77.5,-,40,-,391.0,No,Weak,50,N/A,
VC00090N,8817095774-40/21,HA14968539,0.05 UMO,F03,DST,SPER03R_0N_022,TCACACACAGTCCAYACRGTTGTCCATGTACC,32,299,9689,11.96,40.0,400,100,,75.7,-,40,-,387.5,No,Very Weak,46.8,N/A,
VC00090N,8817095774-40/22,HA14968540,0.05 UMO,G03,DST,SPER03R_0N_023,TTACACTAGGTCCAYACRGTTGTCCATGTACC,32,299.7,9735,11.98,40.0,400,100,,71.1,-,40,-,389.3,No,Weak,43.7,N/A,
VC00090N,8817095774-40/23,HA14968541,0.05 UMO,H03,DST,SPER03R_0N_024,CTACCGTAACTCCAYACRGTTGTCCATGTACC,32,294.4,9680,11.77,40.0,400,100,,72.2,-,40,-,387.1,No,Very Weak,46.8,N/A,
VC00090N,8817095774-40/24,HA14968542,0.05 UMO,A04,DST,SPER03R_0N_025,TCACCTCTGTTCCAYACRGTTGTCCATGTACC,32,285.1,9662,11.40,40.0,400,100,,75.4,-,40,-,386.4,No,None,46.8,N/A,
VC00090N,8817095774-40/25,HA14968543,0.05 UMO,B04,DST,SPER03R_0N_026,TTACGCGTATTCCAYACRGTTGTCCATGTACC,32,295.4,9726,11.81,40.0,400,100,,74.3,-,40,-,389.0,No,Very Weak,43.7,N/A,
VC00090N,8817095774-40/26,HA14968544,0.05 UMO,C04,DST,SPER03R_0N_027,TCAGAGTCTGTCCAYACRGTTGTCCATGTACC,32,297.6,9751,11.76,39.5,396,100,,74.3,-,40,-,385.3,No,Weak,46.8,N/A,
VC00090N,8817095774-40/27,HA14968545,0.05 UMO,D04,DST,SPER03R_0N_028,TGAGATCTCGTCCAYACRGTTGTCCATGTACC,32,297.4,9751,11.89,40.0,400,100,,75.6,-,40,-,390.0,No,None,46.8,N/A,
VC00090N,8817095774-40/28,HA14968546,0.05 UMO,E04,DST,SPER03R_0N_029,CCATGAGCACTCCAYACRGTTGTCCATGTACC,32,295,9705,11.8,40.0,400,100,,77.2,-,40,-,388.1,No,Moderate,50,N/A,
VC00090N,8817095774-40/29,HA14968547,0.05 UMO,F04,DST,SPER03R_0N_030,TCCAAGCGTATCCAYACRGTTGTCCATGTACC,32,298.2,9720,11.12,37.2,373,100,,76.2,-,40,-,362.4,No,Very Weak,46.8,N/A,
VC00090N,8817095774-40/30,HA14968548,0.05 UMO,G04,DST,SPER03R_0N_031,TTCAATGGCTTCCAYACRGTTGTCCATGTACC,32,292,9726,11.68,40.0,400,100,,76.2,-,40,-,389.0,No,Moderate,43.7,N/A,
VC00090N,8817095774-40/31,HA14968549,0.05 UMO,H04,DST,SPER03R_0N_032,CACAAGCTGTCCAYACRGTTGTCCATGTACC,31,287.2,9416,11.48,40.0,400,100,,75.2,-,40,-,376.6,No,Weak,48.3,N/A,
VC00090N,8817095774-40/32,HA14968550,0.05 UMO,A05,DST,SPER03R_0N_033,TACAACGCTTCCAYACRGTTGTCCATGTACC,31,285.5,9391,10.96,38.3,384,100,,74.3,-,40,-,360.4,No,Moderate,45.1,N/A,
VC00090N,8817095774-40/33,HA14968551,0.05 UMO,B05,DST,SPER03R_0N_034,CATTGGCGTTCCAYACRGTTGTCCATGTACC,31,282.5,9438,11.3,40.0,400,100,,77.5,-,40,-,377.5,No,Weak,48.3,N/A,
VC00090N,8817095774-40/34,HA14968552,0.05 UMO,C05,DST,SPER03R_0N_035,TCATAGTCGTCCAYACRGTTGTCCATGTACC,31,288.9,9422,11.55,40.0,400,100,,73.1,-,40,-,376.8,No,Very Weak,45.1,N/A,
VC00090N,8817095774-40/35,HA14968553,0.05 UMO,D05,DST,SPER03R_0N_036,ACATCGGATTCCAYACRGTTGTCCATGTACC,31,291.9,9431,11.67,40.0,400,100,,75.1,-,40,-,377.2,No,Weak,45.1,N/A,
VC00090N,8817095774-40/36,HA14968554,0.05 UMO,E05,DST,SPER03R_0N_037,ACATGGCAATCCAYACRGTTGTCCATGTACC,31,294.2,9440,11.76,40.0,400,100,,75.8,-,40,-,377.5,No,Moderate,45.1,N/A,
VC00090N,8817095774-40/37,HA14968555,0.05 UMO,F05,DST,SPER03R_0N_038,TAATCGGATCATCCAYACRGTTGTCCATGTACC,33,312.9,10048,12.51,40.0,400,100,,75.1,-,40,-,401.9,No,Weak,42.4,N/A,
VC00090N,8817095774-40/38,HA14968556,0.05 UMO,G05,DST,SPER03R_0N_039,TGGTGAGTGACTCCAYACRGTTGTCCATGTACC,33,309.4,10120,12.37,40.0,400,100,,76.9,-,40,-,404.8,No,Weak,48.4,N/A,
VC00090N,8817095774-40/39,HA14968557,0.05 UMO,H05,DST,SPER03R_0N_040,CTGAACACCGTTCCAYACRGTTGTCCATGTACC,33,303.1,10009,12.12,40.0,400,100,,77.4,-,40,-,400.3,No,Moderate,48.4,N/A,
VC00090N,8817095774-40/40,HA14968558,0.05 UMO,A06,DST,SPER03R_0N_041,TCGAACCAACGTCCAYACRGTTGTCCATGTACC,33,308.3,10018,12.33,40.0,400,100,,79.0,-,40,-,400.7,No,Moderate,48.4,N/A,
VC00090N,8817095774-40/41,HA14968559,0.05 UMO,B06,DST,SPER03R_0N_042,CATAACTCCTGTCCAYACRGTTGTCCATGTACC,33,302.3,9984,12.09,40.0,400,100,,73.7,-,40,-,399.3,No,Very Weak,45.4,N/A,
VC00090N,8817095774-40/42,HA14968560,0.05 UMO,C06,DST,SPER03R_0N_043,TGTAAGGCTGTTCCAYACRGTTGTCCATGTACC,33,306.8,10095,12.24,39.8,399,100,,75.4,-,40,-,402.7,No,Very Weak,45.4,N/A,
VC00090N,8817095774-40/43,HA14968561,0.05 UMO,D06,DST,SPER03R_0N_044,CCTAATGCCAGTCCAYACRGTTGTCCATGTACC,33,304.1,10009,12.16,40.0,400,100,,76.3,-,40,-,400.3,No,Very Weak,48.4,N/A,
VC00090N,8817095774-40/44,HA14968562,0.05 UMO,E06,DST,SPER03R_0N_045,CTTACCTAACCTCCAYACRGTTGTCCATGTACC,33,298.4,9944,11.93,40.0,400,100,,71.9,-,40,-,397.7,No,Very Weak,45.4,N/A,
VC00090N,8817095774-40/45,HA14968563,0.05 UMO,F06,DST,SPER03R_0N_046,TCCAGAACGTGTCCAYACRGTTGTCCATGTACC,33,308.3,10049,12.33,40.0,400,100,,78.0,-,40,-,401.9,No,Very Weak,48.4,N/A,
VC00090N,8817095774-40/46,HA14968564,0.05 UMO,G06,DST,SPER03R_0N_047,TCGAGACCTGTTCCAYACRGTTGTCCATGTACC,33,303.6,10040,11.24,37.0,371,100,,77.3,-,40,-,371.7,No,Weak,48.4,N/A,
VC00090N,8817095774-40/47,HA14968565,0.05 UMO,H06,DST,SPER03R_0N_048,TCTAGACGAACTCCAYACRGTTGTCCATGTACC,33,309.8,10033,12.39,40.0,400,100,,73.6,-,40,-,401.3,No,Weak,45.4,N/A,
VC00090N,8817095774-40/48,HA14968566,0.05 UMO,A07,DST,SPER03R_0N_049,TGCAGATCAGCTCCAYACRGTTGTCCATGTACC,33,306.5,10049,11.0,35.8,359,100,,78.2,-,40,-,360.6,No,None,48.4,N/A,
VC00090N,8817095774-40/49,HA14968567,0.05 UMO,B07,DST,SPER03R_0N_050,TTCAGCTTCGTTCCAYACRGTTGTCCATGTACC,33,296.5,10006,11.86,40.0,400,100,,77.0,-,40,-,400.2,No,None,45.4,N/A,
VC00090N,8817095774-40/50,HA14968568,0.05 UMO,C07,DST,SPER03R_0N_051,TTGAGGCAAGTTCCAYACRGTTGTCCATGTACC,33,310.7,10104,12.42,40.0,400,100,,76.9,-,40,-,404.1,No,Very Weak,45.4,N/A,
VC00090N,8817095774-40/51,HA14968569,0.05 UMO,D07,DST,SPER03R_0N_052,AGGAGTGTTCCTCCAYACRGTTGTCCATGTACC,33,308.4,10080,12.33,40.0,400,100,,75.8,-,40,-,403.1,No,Strong,48.4,N/A,
VC00090N,8817095774-40/52,HA14968570,0.05 UMO,E07,DST,SPER03R_0N_053,ATTATACCGGATCCAYACRGTTGTCCATGTACC,33,314.6,10048,12.36,39.2,393,100,,73.3,-,40,-,394.7,No,Weak,42.4,N/A,
VC00090N,8817095774-40/53,HA14968571,0.05 UMO,F07,DST,SPER03R_0N_054,TTATACGTGCTCCAYACRGTTGTCCATGTACC,32,294.8,9726,11.79,40.0,400,100,,73.2,-,40,-,389.0,No,Very Weak,43.7,N/A,
VC00090N,8817095774-40/54,HA14968572,0.05 UMO,G07,DST,SPER03R_0N_055,TGCTGTTCGTTCCAYACRGTTGTCCATGTACC,32,286.6,9733,11.46,40.0,400,100,,77.4,-,40,-,389.3,No,None,46.8,N/A,
VC00090N,8817095774-40/55,HA14968573,0.05 UMO,H07,DST,SPER03R_0N_056,AGACAAGACCTCCAYACRGTTGTCCATGTACC,32,306.5,9738,12.26,40.0,400,100,,73.9,-,40,-,389.5,No,Moderate,46.8,N/A,
VC00090N,8817095774-40/56,HA14968574,0.05 UMO,A08,DST,SPER03R_0N_057,TGACACAGGTTCCAYACRGTTGTCCATGTACC,32,300.3,9760,11.84,39.4,395,100,,76.1,-,40,-,384.8,No,Moderate,46.8,N/A,
VC00090N,8817095774-40/57,HA14968575,0.05 UMO,B08,DST,SPER03R_0N_058,AGACACTGTCTCCAYACRGTTGTCCATGTACC,32,298.1,9720,11.92,40.0,400,100,,73.5,-,40,-,388.7,No,Moderate,46.8,N/A,
VC00090N,8817095774-40/58,HA14968576,0.05 UMO,C08,DST,SPER03R_0N_059,TACAGGTCATCCAYACRGTTGTCCATGTACC,31,292,9431,11.68,40.0,400,100,,73.0,-,40,-,377.2,No,Weak,45.1,N/A,
VC00090N,8817095774-40/59,HA14968577,0.05 UMO,D08,DST,SPER03R_0N_060,CACGGAACTTCCAYACRGTTGTCCATGTACC,31,287.2,9416,11.48,40.0,400,100,,75.6,-,40,-,376.6,No,Weak,48.3,N/A,
VC00090N,8817095774-40/60,HA14968578,0.05 UMO,E08,DST,SPER03R_0N_061,TACGTCTACTCCAYACRGTTGTCCATGTACC,31,284,9382,11.36,40.0,400,100,,70.7,-,40,-,375.2,No,Very Weak,45.1,N/A,
VC00090N,8817095774-40/61,HA14968579,0.05 UMO,F08,DST,SPER03R_0N_062,CAGCATTGCTCCAYACRGTTGTCCATGTACC,31,282.5,9407,11.3,40.0,400,100,,76.5,-,40,-,376.2,No,Weak,48.3,N/A,
VC00090N,8817095774-40/62,HA14968580,0.05 UMO,G08,DST,SPER03R_0N_063,TAGCTGTGATCCAYACRGTTGTCCATGTACC,31,289.2,9462,11.56,40.0,400,100,,73.1,-,40,-,378.4,No,None,45.1,N/A,
VC00090N,8817095774-40/63,HA14968581,0.05 UMO,H08,DST,SPER03R_0N_064,CAGGTAGTGTCCAYACRGTTGTCCATGTACC,31,293.1,9487,11.72,40.0,400,100,,72.7,-,40,-,379.4,No,Moderate,48.3,N/A,
VC00090N,8817095774-40/64,HA14968582,0.05 UMO,A09,DST,SPER03R_0N_065,CTGACCAGTACTCCAYACRGTTGTCCATGTACC,33,304.5,10009,12.18,40.0,400,100,,74.0,-,40,-,400.3,No,Moderate,48.4,N/A,
VC00090N,8817095774-40/65,HA14968583,0.05 UMO,B09,DST,SPER03R_0N_066,TATACGTCACATCCAYACRGTTGTCCATGTACC,33,310.8,10008,12.43,40.0,400,100,,73.1,-,40,-,400.3,No,Weak,42.4,N/A,
VC00090N,8817095774-40/66,HA14968584,0.05 UMO,C09,DST,SPER03R_0N_067,TGGAGCAGTCTTCCAYACRGTTGTCCATGTACC,33,305.9,10080,12.23,40.0,400,100,,77.4,-,40,-,403.1,No,Moderate,48.4,N/A,
VC00090N,8817095774-40/67,HA14968585,0.05 UMO,D09,DST,SPER03R_0N_068,CAGATAGTGGCTCCAYACRGTTGTCCATGTACC,33,311.1,10089,12.44,40.0,400,100,,75.3,-,40,-,403.5,No,Weak,48.4,N/A,
VC00090N,8817095774-40/68,HA14968586,0.05 UMO,E09,DST,SPER03R_0N_069,TACTGAGTCTTCCAYACRGTTGTCCATGTACC,32,294.6,9726,11.78,40.0,400,100,,71.6,-,40,-,389.0,No,Very Weak,43.7,N/A,
VC00090N,8817095774-40/69,HA14968587,0.05 UMO,F09,DST,SPER03R_0N_070,TCCTGCGAATTCCAYACRGTTGTCCATGTACC,32,291.5,9711,11.66,40.0,400,100,,77.8,-,40,-,388.4,No,None,46.8,N/A,
VC00090N,8817095774-40/70,HA14968588,0.05 UMO,G09,DST,SPER03R_0N_071,TTGTCAATGCTCCAYACRGTTGTCCATGTACC,32,292.6,9726,11.70,40.0,400,100,,75.9,-,40,-,389.0,No,Very Weak,43.7,N/A,
VC00090N,8817095774-40/71,HA14968589,0.05 UMO,H09,DST,SPER03R_0N_072,CGAACCTGCTTCCAYACRGTTGTCCATGTACC,32,288.9,9696,11.55,40.0,400,100,,77.5,-,40,-,387.8,No,Very Weak,50,N/A,
VC00090N,8817095774-40/72,HA14968590,0.05 UMO,A10,DST,SPER03R_0N_073,TGAACGCTTCTCCAYACRGTTGTCCATGTACC,32,290.5,9711,11.16,38.4,385,100,,76.7,-,40,-,373.0,No,Very Weak,46.8,N/A,
VC00090N,8817095774-40/73,HA14968591,0.05 UMO,B10,DST,SPER03R_0N_074,ATAAGCCGAATCCAYACRGTTGTCCATGTACC,32,308.2,9753,12.32,40.0,400,100,,74.4,-,40,-,390.1,No,None,43.7,N/A,
VC00090N,8817095774-40/74,HA14968592,0.05 UMO,C10,DST,SPER03R_0N_075,CCACCATGGATCCAYACRGTTGTCCATGTACC,32,296.2,9705,11.84,40.0,400,100,,78.2,-,40,-,388.1,No,Moderate,50,N/A,
VC00090N,8817095774-40/75,HA14968593,0.05 UMO,D10,DST,SPER03R_0N_076,CGACCGCATATCCAYACRGTTGTCCATGTACC,32,296.8,9705,11.87,40.0,400,100,,77.9,-,40,-,388.1,No,Weak,50,N/A,
VC00090N,8817095774-40/76,HA14968594,0.05 UMO,E10,DST,SPER03R_0N_077,TGACGAACTCTCCAYACRGTTGTCCATGTACC,32,295.8,9720,11.83,40.0,400,100,,75.5,-,40,-,388.7,No,Weak,46.8,N/A,
VC00090N,8817095774-40/77,HA14968595,0.05 UMO,F10,DST,SPER03R_0N_078,CGAGACGCTTTCCAYACRGTTGTCCATGTACC,32,293.6,9736,11.64,39.6,397,100,,77.6,-,40,-,385.9,No,Weak,50,N/A,
VC00090N,8817095774-40/78,HA14968596,0.05 UMO,G10,DST,SPER03R_0N_079,CAATCACCAGTCCAYACRGTTGTCCATGTACC,32,298.9,9689,11.95,40.0,400,100,,75.6,-,40,-,387.5,No,None,46.8,N/A,
VC00090N,8817095774-40/79,HA14968597,0.05 UMO,H10,DST,SPER03R_0N_080,CGATGCTGACTCCAYACRGTTGTCCATGTACC,32,293,9736,11.72,40.0,400,100,,77.3,-,40,-,389.4,No,Weak,50,N/A,
VC00090N,8817095774-40/80,HA14968598,0.05 UMO,A11,DST,SPER03R_0N_081,TGCAATCCGTTCCAYACRGTTGTCCATGTACC,32,292.3,9711,11.69,40.0,400,100,,78.4,-,40,-,388.4,No,None,46.8,N/A,
VC00090N,8817095774-40/81,HA14968599,0.05 UMO,B11,DST,SPER03R_0N_082,CACCTTGTGTCCAYACRGTTGTCCATGTACC,31,279.8,9398,11.19,40.0,400,100,,75.1,-,40,-,375.9,No,Weak,48.3,N/A,
VC00090N,8817095774-40/82,HA14968600,0.05 UMO,C11,DST,SPER03R_0N_083,CACGATCGTTCCAYACRGTTGTCCATGTACC,31,285.5,9407,11.42,40.0,400,100,,76.4,-,40,-,376.2,No,None,48.3,N/A,
VC00090N,8817095774-40/83,HA14968601,0.05 UMO,D11,DST,SPER03R_0N_084,TACGCAGTATCCAYACRGTTGTCCATGTACC,31,292,9431,11.68,40.0,400,100,,72.7,-,40,-,377.2,No,Very Weak,45.1,N/A,
VC00090N,8817095774-40/84,HA14968602,0.05 UMO,E11,DST,SPER03R_0N_085,CACTACTGGTCCAYACRGTTGTCCATGTACC,31,284.1,9407,11.36,40.0,400,100,,72.7,-,40,-,376.2,No,Weak,48.3,N/A,
VC00090N,8817095774-40/85,HA14968603,0.05 UMO,F11,DST,SPER03R_0N_086,CAGACATCCTCCAYACRGTTGTCCATGTACC,31,286.1,9376,11.44,40.0,400,100,,74.5,-,40,-,375.0,No,Moderate,48.3,N/A,
VC00090N,8817095774-40/86,HA14968604,0.05 UMO,G11,DST,SPER03R_0N_087,CAGCAACTGTCCAYACRGTTGTCCATGTACC,31,287.2,9416,11.48,40.0,400,100,,75.2,-,40,-,376.6,No,Moderate,48.3,N/A,
VC00090N,8817095774-40/87,HA14968605,0.05 UMO,H11,DST,SPER03R_0N_088,TAGCAAGGTTCCAYACRGTTGTCCATGTACC,31,293.3,9471,11.73,40.0,400,100,,73.6,-,40,-,378.8,No,Weak,45.1,N/A,
VC00090N,8817095774-40/88,HA14968606,0.05 UMO,A12,DST,SPER03R_0N_089,CAGTTCCACTCCAYACRGTTGTCCATGTACC,31,281.6,9367,8.4,29.8,299,100,,74.4,-,40,-,279.3,No,Very Weak,48.3,N/A,
VC00090N,8817095774-40/89,HA14968607,0.05 UMO,B12,DST,SPER03R_0N_090,TATACCACCTCCAYACRGTTGTCCATGTACC,31,285.2,9351,9.88,34.6,347,100,,71.9,-,40,-,323.9,No,Very Weak,45.1,N/A,
VC00090N,8817095774-40/90,HA14968608,0.05 UMO,C12,DST,SPER03R_0N_091,CATCAGAGCTCCAYACRGTTGTCCATGTACC,31,288.8,9416,11.55,40.0,400,100,,74.6,-,40,-,376.6,No,Very Weak,48.3,N/A,
VC00090N,8817095774-40/91,HA14968609,0.05 UMO,D12,DST,SPER03R_0N_092,TATCCACCATCCAYACRGTTGTCCATGTACC,31,285.6,9351,7.32,25.6,257,100,,74.3,-,40,-,239.6,No,Very Weak,45.1,N/A,
VC00090N,8817095774-40/92,HA14968610,0.05 UMO,E12,DST,SPER03R_0N_093,CATCGGATGTCCAYACRGTTGTCCATGTACC,31,288.8,9447,11.55,40.0,400,100,,76.5,-,40,-,377.8,No,Weak,48.3,N/A,
VC00090N,8817095774-40/93,HA14968611,0.05 UMO,F12,DST,SPER03R_0N_094,TATGCTTGGTCCAYACRGTTGTCCATGTACC,31,284.1,9453,8.56,30.1,302,100,,74.3,-,40,-,284.8,No,Weak,45.1,N/A,
VC00090N,8817095774-40/94,HA14968612,0.05 UMO,G12,DST,SPER03R_0N_095,CATTCGCAGTCCAYACRGTTGTCCATGTACC,31,284.9,9407,11.39,40.0,400,100,,76.5,-,40,-,376.2,No,Very Weak,48.3,N/A,
VC00090N,8817095774-40/95,HA14968613,0.05 UMO,H12,DST,SPER03R_0N_096,TATTGCAGCTCCAYACRGTTGTCCATGTACC,31,284.7,9422,9.28,32.5,326,100,,74.4,-,40,-,307.1,No,None,45.1,N/A,