;Well;Fluor;Target;Content;Sample;Biological Set Name;Cq;Cq Mean;Cq Std. Dev;Starting Quantity (SQ);Log Starting Quantity;SQ Mean;SQ Std. Dev;Set Point;Well Note
;A01;Cy5;;Unkn;;;NaN;0;0;NaN;NaN;0;0;52;
;A02;Cy5;;Unkn;;;NaN;0;0;NaN;NaN;0;0;52;
;A03;Cy5;;Unkn;;;NaN;0;0;NaN;NaN;0;0;52;
;A04;Cy5;;Unkn;;;NaN;0;0;NaN;NaN;0;0;52;
;A05;Cy5;;Unkn;;;NaN;0;0;NaN;NaN;0;0;52;
;A06;Cy5;;Unkn;;;NaN;0;0;NaN;NaN;0;0;52;
;A07;Cy5;;Unkn;;;NaN;0;0;NaN;NaN;0;0;52;
;A08;Cy5;;Unkn;;;NaN;0;0;NaN;NaN;0;0;52;
;A09;Cy5;;Unkn;;;NaN;0;0;NaN;NaN;0;0;52;
;A10;Cy5;;Unkn;;;NaN;0;0;NaN;NaN;0;0;52;
;A11;Cy5;;Unkn;;;NaN;0;0;NaN;NaN;0;0;52;
;A12;Cy5;;Unkn;;;NaN;0;0;NaN;NaN;0;0;52;
;B01;Cy5;;Unkn;;;NaN;0;0;NaN;NaN;0;0;52;
;B02;Cy5;;Unkn;;;NaN;0;0;NaN;NaN;0;0;52;
;B03;Cy5;;Unkn;;;NaN;0;0;NaN;NaN;0;0;52;
;B04;Cy5;;Unkn;;;NaN;0;0;NaN;NaN;0;0;52;
;B05;Cy5;;Unkn;;;NaN;0;0;NaN;NaN;0;0;52;
;B06;Cy5;;Unkn;;;NaN;0;0;NaN;NaN;0;0;52;
;B07;Cy5;;Unkn;;;NaN;0;0;NaN;NaN;0;0;52;
;B08;Cy5;;Unkn;;;NaN;0;0;NaN;NaN;0;0;52;
;B09;Cy5;;Unkn;;;NaN;0;0;NaN;NaN;0;0;52;
;B10;Cy5;;Unkn;;;NaN;0;0;NaN;NaN;0;0;52;
;B11;Cy5;;Unkn;;;NaN;0;0;NaN;NaN;0;0;52;
;B12;Cy5;;Unkn;;;NaN;0;0;NaN;NaN;0;0;52;
;C01;Cy5;;Unkn;;;NaN;0;0;NaN;NaN;0;0;52;
;C02;Cy5;;Unkn;;;NaN;0;0;NaN;NaN;0;0;52;
;C03;Cy5;;Unkn;;;NaN;0;0;NaN;NaN;0;0;52;
;C04;Cy5;;Unkn;;;NaN;0;0;NaN;NaN;0;0;52;
;C05;Cy5;;Unkn;;;NaN;0;0;NaN;NaN;0;0;52;
;C06;Cy5;;Unkn;;;NaN;0;0;NaN;NaN;0;0;52;
;C07;Cy5;;Unkn;;;NaN;0;0;NaN;NaN;0;0;52;
;C08;Cy5;;Unkn;;;NaN;0;0;NaN;NaN;0;0;52;
;C09;Cy5;;Unkn;;;NaN;0;0;NaN;NaN;0;0;52;
;C10;Cy5;;Unkn;;;NaN;0;0;NaN;NaN;0;0;52;
;C11;Cy5;;Unkn;;;NaN;0;0;NaN;NaN;0;0;52;
;C12;Cy5;;Unkn;;;NaN;0;0;NaN;NaN;0;0;52;
;D01;Cy5;;Unkn;;;NaN;0;0;NaN;NaN;0;0;52;
;D02;Cy5;;Unkn;;;NaN;0;0;NaN;NaN;0;0;52;
;D03;Cy5;;Unkn;;;NaN;0;0;NaN;NaN;0;0;52;
;D04;Cy5;;Unkn;;;NaN;0;0;NaN;NaN;0;0;52;
;D05;Cy5;;Unkn;;;NaN;0;0;NaN;NaN;0;0;52;
;D06;Cy5;;Unkn;;;NaN;0;0;NaN;NaN;0;0;52;
;D07;Cy5;;Unkn;;;NaN;0;0;NaN;NaN;0;0;52;
;D08;Cy5;;Unkn;;;NaN;0;0;NaN;NaN;0;0;52;
;D09;Cy5;;Unkn;;;NaN;0;0;NaN;NaN;0;0;52;
;D10;Cy5;;Unkn;;;NaN;0;0;NaN;NaN;0;0;52;
;D11;Cy5;;Unkn;;;NaN;0;0;NaN;NaN;0;0;52;
;D12;Cy5;;Unkn;;;NaN;0;0;NaN;NaN;0;0;52;
;E01;Cy5;;Unkn;;;NaN;0;0;NaN;NaN;0;0;52;
;E02;Cy5;;Unkn;;;NaN;0;0;NaN;NaN;0;0;52;
;E03;Cy5;;Unkn;;;NaN;0;0;NaN;NaN;0;0;52;
;E04;Cy5;;Unkn;;;NaN;0;0;NaN;NaN;0;0;52;
;E05;Cy5;;Unkn;;;NaN;0;0;NaN;NaN;0;0;52;
;E06;Cy5;;Unkn;;;NaN;0;0;NaN;NaN;0;0;52;
;E07;Cy5;;Unkn;;;NaN;0;0;NaN;NaN;0;0;52;
;E08;Cy5;;Unkn;;;NaN;0;0;NaN;NaN;0;0;52;
;E09;Cy5;;Unkn;;;NaN;0;0;NaN;NaN;0;0;52;
;E10;Cy5;;Unkn;;;NaN;0;0;NaN;NaN;0;0;52;
;E11;Cy5;;Unkn;;;NaN;0;0;NaN;NaN;0;0;52;
;E12;Cy5;;Unkn;;;NaN;0;0;NaN;NaN;0;0;52;
;F01;Cy5;;Unkn;;;NaN;0;0;NaN;NaN;0;0;52;
;F02;Cy5;;Unkn;;;NaN;0;0;NaN;NaN;0;0;52;
;F03;Cy5;;Unkn;;;NaN;0;0;NaN;NaN;0;0;52;
;F04;Cy5;;Unkn;;;NaN;0;0;NaN;NaN;0;0;52;
;F05;Cy5;;Unkn;;;NaN;0;0;NaN;NaN;0;0;52;
;F06;Cy5;;Unkn;;;NaN;0;0;NaN;NaN;0;0;52;
;F07;Cy5;;Unkn;;;NaN;0;0;NaN;NaN;0;0;52;
;F08;Cy5;;Unkn;;;NaN;0;0;NaN;NaN;0;0;52;
;F09;Cy5;;Unkn;;;NaN;0;0;NaN;NaN;0;0;52;
;F10;Cy5;;Unkn;;;NaN;0;0;NaN;NaN;0;0;52;
;F11;Cy5;;Unkn;;;NaN;0;0;NaN;NaN;0;0;52;
;F12;Cy5;;Unkn;;;NaN;0;0;NaN;NaN;0;0;52;
;G01;Cy5;;Unkn;;;NaN;0;0;NaN;NaN;0;0;52;
;G02;Cy5;;Unkn;;;NaN;0;0;NaN;NaN;0;0;52;
;G03;Cy5;;Unkn;;;NaN;0;0;NaN;NaN;0;0;52;
;G04;Cy5;;Unkn;;;NaN;0;0;NaN;NaN;0;0;52;
;G05;Cy5;;Unkn;;;NaN;0;0;NaN;NaN;0;0;52;
;G06;Cy5;;Unkn;;;NaN;0;0;NaN;NaN;0;0;52;
;G07;Cy5;;Unkn;;;NaN;0;0;NaN;NaN;0;0;52;
;G08;Cy5;;Unkn;;;NaN;0;0;NaN;NaN;0;0;52;
;G09;Cy5;;Unkn;;;NaN;0;0;NaN;NaN;0;0;52;
;G10;Cy5;;Unkn;;;NaN;0;0;NaN;NaN;0;0;52;
;G11;Cy5;;Unkn;;;NaN;0;0;NaN;NaN;0;0;52;
;G12;Cy5;;Unkn;;;NaN;0;0;NaN;NaN;0;0;52;
;H01;Cy5;;Unkn;;;NaN;0;0;NaN;NaN;0;0;52;
;H02;Cy5;;Unkn;;;NaN;0;0;NaN;NaN;0;0;52;
;H03;Cy5;;Unkn;;;NaN;0;0;NaN;NaN;0;0;52;
;H04;Cy5;;Unkn;;;NaN;0;0;NaN;NaN;0;0;52;
;H05;Cy5;;Unkn;;;NaN;0;0;NaN;NaN;0;0;52;
;H06;Cy5;;Unkn;;;NaN;0;0;NaN;NaN;0;0;52;
;H07;Cy5;;Unkn;;;NaN;0;0;NaN;NaN;0;0;52;
;H08;Cy5;;Unkn;;;NaN;0;0;NaN;NaN;0;0;52;
;H09;Cy5;;Unkn;;;NaN;0;0;NaN;NaN;0;0;52;
;H10;Cy5;;Unkn;;;NaN;0;0;NaN;NaN;0;0;52;
;H11;Cy5;;Unkn;;;NaN;0;0;NaN;NaN;0;0;52;
;H12;Cy5;;Unkn;;;NaN;0;0;NaN;NaN;0;0;52;
;A01;FAM;;Unkn;;;23,5729673278769;23,5729673278769;0;NaN;NaN;NaN;0;52;
;A02;FAM;;Unkn;;;23,4709664603247;23,4709664603247;0;NaN;NaN;NaN;0;52;
;A03;FAM;;Unkn;;;23,5375404152046;23,5375404152046;0;NaN;NaN;NaN;0;52;
;A04;FAM;;Unkn;;;24,078218479375;24,078218479375;0;NaN;NaN;NaN;0;52;
;A05;FAM;;Unkn;;;23,9309390629192;23,9309390629192;0;NaN;NaN;NaN;0;52;
;A06;FAM;;Unkn;;;24,0731146984701;24,0731146984701;0;NaN;NaN;NaN;0;52;
;A07;FAM;;Unkn;;;23,2386051856088;23,2386051856088;0;NaN;NaN;NaN;0;52;
;A08;FAM;;Unkn;;;23,1592641480431;23,1592641480431;0;NaN;NaN;NaN;0;52;
;A09;FAM;;Unkn;;;23,1540243278446;23,1540243278446;0;NaN;NaN;NaN;0;52;
;A10;FAM;;Unkn;;;24,1660112784972;24,1660112784972;0;NaN;NaN;NaN;0;52;
;A11;FAM;;Unkn;;;24,1845608375907;24,1845608375907;0;NaN;NaN;NaN;0;52;
;A12;FAM;;Unkn;;;24,4465590967257;24,4465590967257;0;NaN;NaN;NaN;0;52;
;B01;FAM;;Unkn;;;26,1399763561327;26,1399763561327;0;NaN;NaN;NaN;0;52;
;B02;FAM;;Unkn;;;26,0848673906448;26,0848673906448;0;NaN;NaN;NaN;0;52;
;B03;FAM;;Unkn;;;25,9760564629498;25,9760564629498;0;NaN;NaN;NaN;0;52;
;B04;FAM;;Unkn;;;26,5647254491388;26,5647254491388;0;NaN;NaN;NaN;0;52;
;B05;FAM;;Unkn;;;26,5637664465765;26,5637664465765;0;NaN;NaN;NaN;0;52;
;B06;FAM;;Unkn;;;26,4228656805586;26,4228656805586;0;NaN;NaN;NaN;0;52;
;B07;FAM;;Unkn;;;25,5504546633832;25,5504546633832;0;NaN;NaN;NaN;0;52;
;B08;FAM;;Unkn;;;25,6469031182943;25,6469031182943;0;NaN;NaN;NaN;0;52;
;B09;FAM;;Unkn;;;25,5253997682715;25,5253997682715;0;NaN;NaN;NaN;0;52;
;B10;FAM;;Unkn;;;26,4854528894469;26,4854528894469;0;NaN;NaN;NaN;0;52;
;B11;FAM;;Unkn;;;26,4768396873647;26,4768396873647;0;NaN;NaN;NaN;0;52;
;B12;FAM;;Unkn;;;26,7553430767711;26,7553430767711;0;NaN;NaN;NaN;0;52;
;C01;FAM;;Unkn;;;28,2304267223222;28,2304267223222;0;NaN;NaN;NaN;0;52;
;C02;FAM;;Unkn;;;28,3886191502022;28,3886191502022;0;NaN;NaN;NaN;0;52;
;C03;FAM;;Unkn;;;28,2515836775356;28,2515836775356;0;NaN;NaN;NaN;0;52;
;C04;FAM;;Unkn;;;29,0511634855676;29,0511634855676;0;NaN;NaN;NaN;0;52;
;C05;FAM;;Unkn;;;28,8583952396175;28,8583952396175;0;NaN;NaN;NaN;0;52;
;C06;FAM;;Unkn;;;28,9411552128818;28,9411552128818;0;NaN;NaN;NaN;0;52;
;C07;FAM;;Unkn;;;27,9614414937731;27,9614414937731;0;NaN;NaN;NaN;0;52;
;C08;FAM;;Unkn;;;28,0159975329237;28,0159975329237;0;NaN;NaN;NaN;0;52;
;C09;FAM;;Unkn;;;27,9794533906785;27,9794533906785;0;NaN;NaN;NaN;0;52;
;C10;FAM;;Unkn;;;28,7529308273062;28,7529308273062;0;NaN;NaN;NaN;0;52;
;C11;FAM;;Unkn;;;28,9221330553207;28,9221330553207;0;NaN;NaN;NaN;0;52;
;C12;FAM;;Unkn;;;28,8517650968754;28,8517650968754;0;NaN;NaN;NaN;0;52;
;D01;FAM;;Unkn;;;30,8120350601287;30,8120350601287;0;NaN;NaN;NaN;0;52;
;D02;FAM;;Unkn;;;30,5802798902226;30,5802798902226;0;NaN;NaN;NaN;0;52;
;D03;FAM;;Unkn;;;30,5319250934718;30,5319250934718;0;NaN;NaN;NaN;0;52;
;D04;FAM;;Unkn;;;31,4006409087533;31,4006409087533;0;NaN;NaN;NaN;0;52;
;D05;FAM;;Unkn;;;31,2202194276262;31,2202194276262;0;NaN;NaN;NaN;0;52;
;D06;FAM;;Unkn;;;31,191329157589;31,191329157589;0;NaN;NaN;NaN;0;52;
;D07;FAM;;Unkn;;;30,2716505453131;30,2716505453131;0;NaN;NaN;NaN;0;52;
;D08;FAM;;Unkn;;;30,3778851367022;30,3778851367022;0;NaN;NaN;NaN;0;52;
;D09;FAM;;Unkn;;;30,2154151232293;30,2154151232293;0;NaN;NaN;NaN;0;52;
;D10;FAM;;Unkn;;;31,1636416202909;31,1636416202909;0;NaN;NaN;NaN;0;52;
;D11;FAM;;Unkn;;;31,1170550353354;31,1170550353354;0;NaN;NaN;NaN;0;52;
;D12;FAM;;Unkn;;;31,1462678772339;31,1462678772339;0;NaN;NaN;NaN;0;52;
;E01;FAM;;Unkn;;;32,8509798471255;32,8509798471255;0;NaN;NaN;NaN;0;52;
;E02;FAM;;Unkn;;;32,9175464640999;32,9175464640999;0;NaN;NaN;NaN;0;52;
;E03;FAM;;Unkn;;;33,1548724098427;33,1548724098427;0;NaN;NaN;NaN;0;52;
;E04;FAM;;Unkn;;;33,4126906769783;33,4126906769783;0;NaN;NaN;NaN;0;52;
;E05;FAM;;Unkn;;;33,4424365779868;33,4424365779868;0;NaN;NaN;NaN;0;52;
;E06;FAM;;Unkn;;;33,4763104548514;33,4763104548514;0;NaN;NaN;NaN;0;52;
;E07;FAM;;Unkn;;;32,5207826811447;32,5207826811447;0;NaN;NaN;NaN;0;52;
;E08;FAM;;Unkn;;;32,6920840621616;32,6920840621616;0;NaN;NaN;NaN;0;52;
;E09;FAM;;Unkn;;;32,9344717868283;32,9344717868283;0;NaN;NaN;NaN;0;52;
;E10;FAM;;Unkn;;;33,9997086622386;33,9997086622386;0;NaN;NaN;NaN;0;52;
;E11;FAM;;Unkn;;;34,4232264542684;34,4232264542684;0;NaN;NaN;NaN;0;52;
;E12;FAM;;Unkn;;;34,2258691305724;34,2258691305724;0;NaN;NaN;NaN;0;52;
;F01;FAM;;Unkn;;;NaN;0;0;NaN;NaN;0;0;52;
;F02;FAM;;Unkn;;;NaN;0;0;NaN;NaN;0;0;52;
;F03;FAM;;Unkn;;;NaN;0;0;NaN;NaN;0;0;52;
;F04;FAM;;Unkn;;;NaN;0;0;NaN;NaN;0;0;52;
;F05;FAM;;Unkn;;;NaN;0;0;NaN;NaN;0;0;52;
;F06;FAM;;Unkn;;;NaN;0;0;NaN;NaN;0;0;52;
;F07;FAM;;Unkn;;;NaN;0;0;NaN;NaN;0;0;52;
;F08;FAM;;Unkn;;;NaN;0;0;NaN;NaN;0;0;52;
;F09;FAM;;Unkn;;;NaN;0;0;NaN;NaN;0;0;52;
;F10;FAM;;Unkn;;;NaN;0;0;NaN;NaN;0;0;52;
;F11;FAM;;Unkn;;;NaN;0;0;NaN;NaN;0;0;52;
;F12;FAM;;Unkn;;;NaN;0;0;NaN;NaN;0;0;52;
;G01;FAM;;Unkn;;;NaN;0;0;NaN;NaN;0;0;52;
;G02;FAM;;Unkn;;;NaN;0;0;NaN;NaN;0;0;52;
;G03;FAM;;Unkn;;;NaN;0;0;NaN;NaN;0;0;52;
;G04;FAM;;Unkn;;;44,0428208937351;44,0428208937351;0;NaN;NaN;NaN;0;52;
;G05;FAM;;Unkn;;;NaN;0;0;NaN;NaN;0;0;52;
;G06;FAM;;Unkn;;;NaN;0;0;NaN;NaN;0;0;52;
;G07;FAM;;Unkn;;;NaN;0;0;NaN;NaN;0;0;52;
;G08;FAM;;Unkn;;;NaN;0;0;NaN;NaN;0;0;52;
;G09;FAM;;Unkn;;;NaN;0;0;NaN;NaN;0;0;52;
;G10;FAM;;Unkn;;;NaN;0;0;NaN;NaN;0;0;52;
;G11;FAM;;Unkn;;;NaN;0;0;NaN;NaN;0;0;52;
;G12;FAM;;Unkn;;;NaN;0;0;NaN;NaN;0;0;52;
;H01;FAM;;Unkn;;;NaN;0;0;NaN;NaN;0;0;52;
;H02;FAM;;Unkn;;;NaN;0;0;NaN;NaN;0;0;52;
;H03;FAM;;Unkn;;;NaN;0;0;NaN;NaN;0;0;52;
;H04;FAM;;Unkn;;;NaN;0;0;NaN;NaN;0;0;52;
;H05;FAM;;Unkn;;;NaN;0;0;NaN;NaN;0;0;52;
;H06;FAM;;Unkn;;;NaN;0;0;NaN;NaN;0;0;52;
;H07;FAM;;Unkn;;;NaN;0;0;NaN;NaN;0;0;52;
;H08;FAM;;Unkn;;;NaN;0;0;NaN;NaN;0;0;52;
;H09;FAM;;Unkn;;;NaN;0;0;NaN;NaN;0;0;52;
;H10;FAM;;Unkn;;;NaN;0;0;NaN;NaN;0;0;52;
;H11;FAM;;Unkn;;;NaN;0;0;NaN;NaN;0;0;52;
;H12;FAM;;Unkn;;;NaN;0;0;NaN;NaN;0;0;52;
;A01;HEX;;Unkn;;;14,1223231111055;14,1223231111055;0;NaN;NaN;NaN;0;52;
;A02;HEX;;Unkn;;;41,0688183209956;41,0688183209956;0;NaN;NaN;NaN;0;52;
;A03;HEX;;Unkn;;;26,4317858358352;26,4317858358352;0;NaN;NaN;NaN;0;52;
;A04;HEX;;Unkn;;;34,0049247876757;34,0049247876757;0;NaN;NaN;NaN;0;52;
;A05;HEX;;Unkn;;;22,9804716798227;22,9804716798227;0;NaN;NaN;NaN;0;52;
;A06;HEX;;Unkn;;;29,0175654479043;29,0175654479043;0;NaN;NaN;NaN;0;52;
;A07;HEX;;Unkn;;;NaN;0;0;NaN;NaN;0;0;52;
;A08;HEX;;Unkn;;;16,2883821140503;16,2883821140503;0;NaN;NaN;NaN;0;52;
;A09;HEX;;Unkn;;;4,19963784676837;4,19963784676837;0;NaN;NaN;NaN;0;52;
;A10;HEX;;Unkn;;;15,2262996923967;15,2262996923967;0;NaN;NaN;NaN;0;52;
;A11;HEX;;Unkn;;;30,3045637231912;30,3045637231912;0;NaN;NaN;NaN;0;52;
;A12;HEX;;Unkn;;;36,3350395957247;36,3350395957247;0;NaN;NaN;NaN;0;52;
;B01;HEX;;Unkn;;;28,9773207402339;28,9773207402339;0;NaN;NaN;NaN;0;52;
;B02;HEX;;Unkn;;;18,9540814501612;18,9540814501612;0;NaN;NaN;NaN;0;52;
;B03;HEX;;Unkn;;;30,2493881836556;30,2493881836556;0;NaN;NaN;NaN;0;52;
;B04;HEX;;Unkn;;;29,8416232808042;29,8416232808042;0;NaN;NaN;NaN;0;52;
;B05;HEX;;Unkn;;;28,4344342772232;28,4344342772232;0;NaN;NaN;NaN;0;52;
;B06;HEX;;Unkn;;;15,9872551487733;15,9872551487733;0;NaN;NaN;NaN;0;52;
;B07;HEX;;Unkn;;;2,06947934572045;2,06947934572045;0;NaN;NaN;NaN;0;52;
;B08;HEX;;Unkn;;;31,0458146893825;31,0458146893825;0;NaN;NaN;NaN;0;52;
;B09;HEX;;Unkn;;;11,1247133407287;11,1247133407287;0;NaN;NaN;NaN;0;52;
;B10;HEX;;Unkn;;;31,2303849077092;31,2303849077092;0;NaN;NaN;NaN;0;52;
;B11;HEX;;Unkn;;;28,3846442920267;28,3846442920267;0;NaN;NaN;NaN;0;52;
;B12;HEX;;Unkn;;;16,0334266632769;16,0334266632769;0;NaN;NaN;NaN;0;52;
;C01;HEX;;Unkn;;;29,8993977503292;29,8993977503292;0;NaN;NaN;NaN;0;52;
;C02;HEX;;Unkn;;;16,3519827035956;16,3519827035956;0;NaN;NaN;NaN;0;52;
;C03;HEX;;Unkn;;;36,1904230437122;36,1904230437122;0;NaN;NaN;NaN;0;52;
;C04;HEX;;Unkn;;;33,0780955744203;33,0780955744203;0;NaN;NaN;NaN;0;52;
;C05;HEX;;Unkn;;;30,4245411978042;30,4245411978042;0;NaN;NaN;NaN;0;52;
;C06;HEX;;Unkn;;;19,7325051355282;19,7325051355282;0;NaN;NaN;NaN;0;52;
;C07;HEX;;Unkn;;;25,0659045499348;25,0659045499348;0;NaN;NaN;NaN;0;52;
;C08;HEX;;Unkn;;;15,2434502413187;15,2434502413187;0;NaN;NaN;NaN;0;52;
;C09;HEX;;Unkn;;;2,87560860392498;2,87560860392498;0;NaN;NaN;NaN;0;52;
;C10;HEX;;Unkn;;;34,6089542664413;34,6089542664413;0;NaN;NaN;NaN;0;52;
;C11;HEX;;Unkn;;;31,9070056597817;31,9070056597817;0;NaN;NaN;NaN;0;52;
;C12;HEX;;Unkn;;;33,3617302035407;33,3617302035407;0;NaN;NaN;NaN;0;52;
;D01;HEX;;Unkn;;;31,9661710399096;31,9661710399096;0;NaN;NaN;NaN;0;52;
;D02;HEX;;Unkn;;;26,3379559516295;26,3379559516295;0;NaN;NaN;NaN;0;52;
;D03;HEX;;Unkn;;;32,2797545154675;32,2797545154675;0;NaN;NaN;NaN;0;52;
;D04;HEX;;Unkn;;;16,069161186679;16,069161186679;0;NaN;NaN;NaN;0;52;
;D05;HEX;;Unkn;;;34,0159639764804;34,0159639764804;0;NaN;NaN;NaN;0;52;
;D06;HEX;;Unkn;;;34,3830325616178;34,3830325616178;0;NaN;NaN;NaN;0;52;
;D07;HEX;;Unkn;;;5,09244643938769;5,09244643938769;0;NaN;NaN;NaN;0;52;
;D08;HEX;;Unkn;;;22,0382700210526;22,0382700210526;0;NaN;NaN;NaN;0;52;
;D09;HEX;;Unkn;;;7,27455224133924;7,27455224133924;0;NaN;NaN;NaN;0;52;
;D10;HEX;;Unkn;;;34,1755338428832;34,1755338428832;0;NaN;NaN;NaN;0;52;
;D11;HEX;;Unkn;;;34,1128493407141;34,1128493407141;0;NaN;NaN;NaN;0;52;
;D12;HEX;;Unkn;;;34,3015601118549;34,3015601118549;0;NaN;NaN;NaN;0;52;
;E01;HEX;;Unkn;;;35,603575202012;35,603575202012;0;NaN;NaN;NaN;0;52;
;E02;HEX;;Unkn;;;26,0258534428555;26,0258534428555;0;NaN;NaN;NaN;0;52;
;E03;HEX;;Unkn;;;35,7268086535545;35,7268086535545;0;NaN;NaN;NaN;0;52;
;E04;HEX;;Unkn;;;35,2579633731623;35,2579633731623;0;NaN;NaN;NaN;0;52;
;E05;HEX;;Unkn;;;35,4507298863773;35,4507298863773;0;NaN;NaN;NaN;0;52;
;E06;HEX;;Unkn;;;35,471665199722;35,471665199722;0;NaN;NaN;NaN;0;52;
;E07;HEX;;Unkn;;;12,2072003569947;12,2072003569947;0;NaN;NaN;NaN;0;52;
;E08;HEX;;Unkn;;;27,3565230532068;27,3565230532068;0;NaN;NaN;NaN;0;52;
;E09;HEX;;Unkn;;;23,1936918516279;23,1936918516279;0;NaN;NaN;NaN;0;52;
;E10;HEX;;Unkn;;;37,0916319370262;37,0916319370262;0;NaN;NaN;NaN;0;52;
;E11;HEX;;Unkn;;;33,6688832833416;33,6688832833416;0;NaN;NaN;NaN;0;52;
;E12;HEX;;Unkn;;;22,4227059183401;22,4227059183401;0;NaN;NaN;NaN;0;52;
;F01;HEX;;Unkn;;;15,3707883575583;15,3707883575583;0;NaN;NaN;NaN;0;52;
;F02;HEX;;Unkn;;;6,16863510188579;6,16863510188579;0;NaN;NaN;NaN;0;52;
;F03;HEX;;Unkn;;;17,2660430918132;17,2660430918132;0;NaN;NaN;NaN;0;52;
;F04;HEX;;Unkn;;;6,14976596102193;6,14976596102193;0;NaN;NaN;NaN;0;52;
;F05;HEX;;Unkn;;;33,5865845539877;33,5865845539877;0;NaN;NaN;NaN;0;52;
;F06;HEX;;Unkn;;;35,1884183519946;35,1884183519946;0;NaN;NaN;NaN;0;52;
;F07;HEX;;Unkn;;;2,28076577006104;2,28076577006104;0;NaN;NaN;NaN;0;52;
;F08;HEX;;Unkn;;;36,4912116801065;36,4912116801065;0;NaN;NaN;NaN;0;52;
;F09;HEX;;Unkn;;;38,1528679867439;38,1528679867439;0;NaN;NaN;NaN;0;52;
;F10;HEX;;Unkn;;;39,3542797196501;39,3542797196501;0;NaN;NaN;NaN;0;52;
;F11;HEX;;Unkn;;;26,5232912831575;26,5232912831575;0;NaN;NaN;NaN;0;52;
;F12;HEX;;Unkn;;;36,3268123059489;36,3268123059489;0;NaN;NaN;NaN;0;52;
;G01;HEX;;Unkn;;;26,2923335258301;26,2923335258301;0;NaN;NaN;NaN;0;52;
;G02;HEX;;Unkn;;;24,2428515883264;24,2428515883264;0;NaN;NaN;NaN;0;52;
;G03;HEX;;Unkn;;;17,2283841502493;17,2283841502493;0;NaN;NaN;NaN;0;52;
;G04;HEX;;Unkn;;;40,4262844213284;40,4262844213284;0;NaN;NaN;NaN;0;52;
;G05;HEX;;Unkn;;;1,58953637662741;1,58953637662741;0;NaN;NaN;NaN;0;52;
;G06;HEX;;Unkn;;;34,2108191488938;34,2108191488938;0;NaN;NaN;NaN;0;52;
;G07;HEX;;Unkn;;;37,3594615614635;37,3594615614635;0;NaN;NaN;NaN;0;52;
;G08;HEX;;Unkn;;;36,4686136287241;36,4686136287241;0;NaN;NaN;NaN;0;52;
;G09;HEX;;Unkn;;;28,1884376247119;28,1884376247119;0;NaN;NaN;NaN;0;52;
;G10;HEX;;Unkn;;;22,1603493536783;22,1603493536783;0;NaN;NaN;NaN;0;52;
;G11;HEX;;Unkn;;;1,36158966218437;1,36158966218437;0;NaN;NaN;NaN;0;52;
;G12;HEX;;Unkn;;;39,1603576053129;39,1603576053129;0;NaN;NaN;NaN;0;52;
;H01;HEX;;Unkn;;;15,0991265645743;15,0991265645743;0;NaN;NaN;NaN;0;52;
;H02;HEX;;Unkn;;;35,4565489005774;35,4565489005774;0;NaN;NaN;NaN;0;52;
;H03;HEX;;Unkn;;;20,0046390061905;20,0046390061905;0;NaN;NaN;NaN;0;52;
;H04;HEX;;Unkn;;;24,2937405661714;24,2937405661714;0;NaN;NaN;NaN;0;52;
;H05;HEX;;Unkn;;;23,1677865494848;23,1677865494848;0;NaN;NaN;NaN;0;52;
;H06;HEX;;Unkn;;;42,7643883775489;42,7643883775489;0;NaN;NaN;NaN;0;52;
;H07;HEX;;Unkn;;;35,2574485084817;35,2574485084817;0;NaN;NaN;NaN;0;52;
;H08;HEX;;Unkn;;;38,3677138874454;38,3677138874454;0;NaN;NaN;NaN;0;52;
;H09;HEX;;Unkn;;;2,49948792503652;2,49948792503652;0;NaN;NaN;NaN;0;52;
;H10;HEX;;Unkn;;;2,05026309339022;2,05026309339022;0;NaN;NaN;NaN;0;52;
;H11;HEX;;Unkn;;;32,0389479534324;32,0389479534324;0;NaN;NaN;NaN;0;52;
;H12;HEX;;Unkn;;;23,344178872061;23,344178872061;0;NaN;NaN;NaN;0;52;
;A01;Quasar 705;;Unkn;;;NaN;0;0;NaN;NaN;0;0;52;
;A02;Quasar 705;;Unkn;;;NaN;0;0;NaN;NaN;0;0;52;
;A03;Quasar 705;;Unkn;;;NaN;0;0;NaN;NaN;0;0;52;
;A04;Quasar 705;;Unkn;;;NaN;0;0;NaN;NaN;0;0;52;
;A05;Quasar 705;;Unkn;;;NaN;0;0;NaN;NaN;0;0;52;
;A06;Quasar 705;;Unkn;;;NaN;0;0;NaN;NaN;0;0;52;
;A07;Quasar 705;;Unkn;;;NaN;0;0;NaN;NaN;0;0;52;
;A08;Quasar 705;;Unkn;;;NaN;0;0;NaN;NaN;0;0;52;
;A09;Quasar 705;;Unkn;;;NaN;0;0;NaN;NaN;0;0;52;
;A10;Quasar 705;;Unkn;;;NaN;0;0;NaN;NaN;0;0;52;
;A11;Quasar 705;;Unkn;;;NaN;0;0;NaN;NaN;0;0;52;
;A12;Quasar 705;;Unkn;;;NaN;0;0;NaN;NaN;0;0;52;
;B01;Quasar 705;;Unkn;;;NaN;0;0;NaN;NaN;0;0;52;
;B02;Quasar 705;;Unkn;;;NaN;0;0;NaN;NaN;0;0;52;
;B03;Quasar 705;;Unkn;;;NaN;0;0;NaN;NaN;0;0;52;
;B04;Quasar 705;;Unkn;;;NaN;0;0;NaN;NaN;0;0;52;
;B05;Quasar 705;;Unkn;;;NaN;0;0;NaN;NaN;0;0;52;
;B06;Quasar 705;;Unkn;;;NaN;0;0;NaN;NaN;0;0;52;
;B07;Quasar 705;;Unkn;;;NaN;0;0;NaN;NaN;0;0;52;
;B08;Quasar 705;;Unkn;;;NaN;0;0;NaN;NaN;0;0;52;
;B09;Quasar 705;;Unkn;;;NaN;0;0;NaN;NaN;0;0;52;
;B10;Quasar 705;;Unkn;;;NaN;0;0;NaN;NaN;0;0;52;
;B11;Quasar 705;;Unkn;;;NaN;0;0;NaN;NaN;0;0;52;
;B12;Quasar 705;;Unkn;;;NaN;0;0;NaN;NaN;0;0;52;
;C01;Quasar 705;;Unkn;;;NaN;0;0;NaN;NaN;0;0;52;
;C02;Quasar 705;;Unkn;;;NaN;0;0;NaN;NaN;0;0;52;
;C03;Quasar 705;;Unkn;;;NaN;0;0;NaN;NaN;0;0;52;
;C04;Quasar 705;;Unkn;;;NaN;0;0;NaN;NaN;0;0;52;
;C05;Quasar 705;;Unkn;;;NaN;0;0;NaN;NaN;0;0;52;
;C06;Quasar 705;;Unkn;;;NaN;0;0;NaN;NaN;0;0;52;
;C07;Quasar 705;;Unkn;;;NaN;0;0;NaN;NaN;0;0;52;
;C08;Quasar 705;;Unkn;;;NaN;0;0;NaN;NaN;0;0;52;
;C09;Quasar 705;;Unkn;;;NaN;0;0;NaN;NaN;0;0;52;
;C10;Quasar 705;;Unkn;;;NaN;0;0;NaN;NaN;0;0;52;
;C11;Quasar 705;;Unkn;;;NaN;0;0;NaN;NaN;0;0;52;
;C12;Quasar 705;;Unkn;;;NaN;0;0;NaN;NaN;0;0;52;
;D01;Quasar 705;;Unkn;;;NaN;0;0;NaN;NaN;0;0;52;
;D02;Quasar 705;;Unkn;;;NaN;0;0;NaN;NaN;0;0;52;
;D03;Quasar 705;;Unkn;;;NaN;0;0;NaN;NaN;0;0;52;
;D04;Quasar 705;;Unkn;;;NaN;0;0;NaN;NaN;0;0;52;
;D05;Quasar 705;;Unkn;;;NaN;0;0;NaN;NaN;0;0;52;
;D06;Quasar 705;;Unkn;;;NaN;0;0;NaN;NaN;0;0;52;
;D07;Quasar 705;;Unkn;;;NaN;0;0;NaN;NaN;0;0;52;
;D08;Quasar 705;;Unkn;;;NaN;0;0;NaN;NaN;0;0;52;
;D09;Quasar 705;;Unkn;;;NaN;0;0;NaN;NaN;0;0;52;
;D10;Quasar 705;;Unkn;;;NaN;0;0;NaN;NaN;0;0;52;
;D11;Quasar 705;;Unkn;;;NaN;0;0;NaN;NaN;0;0;52;
;D12;Quasar 705;;Unkn;;;NaN;0;0;NaN;NaN;0;0;52;
;E01;Quasar 705;;Unkn;;;NaN;0;0;NaN;NaN;0;0;52;
;E02;Quasar 705;;Unkn;;;NaN;0;0;NaN;NaN;0;0;52;
;E03;Quasar 705;;Unkn;;;NaN;0;0;NaN;NaN;0;0;52;
;E04;Quasar 705;;Unkn;;;NaN;0;0;NaN;NaN;0;0;52;
;E05;Quasar 705;;Unkn;;;NaN;0;0;NaN;NaN;0;0;52;
;E06;Quasar 705;;Unkn;;;NaN;0;0;NaN;NaN;0;0;52;
;E07;Quasar 705;;Unkn;;;NaN;0;0;NaN;NaN;0;0;52;
;E08;Quasar 705;;Unkn;;;NaN;0;0;NaN;NaN;0;0;52;
;E09;Quasar 705;;Unkn;;;NaN;0;0;NaN;NaN;0;0;52;
;E10;Quasar 705;;Unkn;;;NaN;0;0;NaN;NaN;0;0;52;
;E11;Quasar 705;;Unkn;;;NaN;0;0;NaN;NaN;0;0;52;
;E12;Quasar 705;;Unkn;;;NaN;0;0;NaN;NaN;0;0;52;
;F01;Quasar 705;;Unkn;;;NaN;0;0;NaN;NaN;0;0;52;
;F02;Quasar 705;;Unkn;;;NaN;0;0;NaN;NaN;0;0;52;
;F03;Quasar 705;;Unkn;;;NaN;0;0;NaN;NaN;0;0;52;
;F04;Quasar 705;;Unkn;;;NaN;0;0;NaN;NaN;0;0;52;
;F05;Quasar 705;;Unkn;;;NaN;0;0;NaN;NaN;0;0;52;
;F06;Quasar 705;;Unkn;;;NaN;0;0;NaN;NaN;0;0;52;
;F07;Quasar 705;;Unkn;;;NaN;0;0;NaN;NaN;0;0;52;
;F08;Quasar 705;;Unkn;;;NaN;0;0;NaN;NaN;0;0;52;
;F09;Quasar 705;;Unkn;;;NaN;0;0;NaN;NaN;0;0;52;
;F10;Quasar 705;;Unkn;;;NaN;0;0;NaN;NaN;0;0;52;
;F11;Quasar 705;;Unkn;;;NaN;0;0;NaN;NaN;0;0;52;
;F12;Quasar 705;;Unkn;;;NaN;0;0;NaN;NaN;0;0;52;
;G01;Quasar 705;;Unkn;;;NaN;0;0;NaN;NaN;0;0;52;
;G02;Quasar 705;;Unkn;;;NaN;0;0;NaN;NaN;0;0;52;
;G03;Quasar 705;;Unkn;;;NaN;0;0;NaN;NaN;0;0;52;
;G04;Quasar 705;;Unkn;;;NaN;0;0;NaN;NaN;0;0;52;
;G05;Quasar 705;;Unkn;;;NaN;0;0;NaN;NaN;0;0;52;
;G06;Quasar 705;;Unkn;;;NaN;0;0;NaN;NaN;0;0;52;
;G07;Quasar 705;;Unkn;;;NaN;0;0;NaN;NaN;0;0;52;
;G08;Quasar 705;;Unkn;;;NaN;0;0;NaN;NaN;0;0;52;
;G09;Quasar 705;;Unkn;;;NaN;0;0;NaN;NaN;0;0;52;
;G10;Quasar 705;;Unkn;;;NaN;0;0;NaN;NaN;0;0;52;
;G11;Quasar 705;;Unkn;;;NaN;0;0;NaN;NaN;0;0;52;
;G12;Quasar 705;;Unkn;;;NaN;0;0;NaN;NaN;0;0;52;
;H01;Quasar 705;;Unkn;;;NaN;0;0;NaN;NaN;0;0;52;
;H02;Quasar 705;;Unkn;;;NaN;0;0;NaN;NaN;0;0;52;
;H03;Quasar 705;;Unkn;;;NaN;0;0;NaN;NaN;0;0;52;
;H04;Quasar 705;;Unkn;;;NaN;0;0;NaN;NaN;0;0;52;
;H05;Quasar 705;;Unkn;;;NaN;0;0;NaN;NaN;0;0;52;
;H06;Quasar 705;;Unkn;;;NaN;0;0;NaN;NaN;0;0;52;
;H07;Quasar 705;;Unkn;;;NaN;0;0;NaN;NaN;0;0;52;
;H08;Quasar 705;;Unkn;;;NaN;0;0;NaN;NaN;0;0;52;
;H09;Quasar 705;;Unkn;;;NaN;0;0;NaN;NaN;0;0;52;
;H10;Quasar 705;;Unkn;;;NaN;0;0;NaN;NaN;0;0;52;
;H11;Quasar 705;;Unkn;;;NaN;0;0;NaN;NaN;0;0;52;
;H12;Quasar 705;;Unkn;;;NaN;0;0;NaN;NaN;0;0;52;
;A01;Texas Red;;Unkn;;;NaN;0;0;NaN;NaN;0;0;52;
;A02;Texas Red;;Unkn;;;NaN;0;0;NaN;NaN;0;0;52;
;A03;Texas Red;;Unkn;;;NaN;0;0;NaN;NaN;0;0;52;
;A04;Texas Red;;Unkn;;;NaN;0;0;NaN;NaN;0;0;52;
;A05;Texas Red;;Unkn;;;NaN;0;0;NaN;NaN;0;0;52;
;A06;Texas Red;;Unkn;;;NaN;0;0;NaN;NaN;0;0;52;
;A07;Texas Red;;Unkn;;;NaN;0;0;NaN;NaN;0;0;52;
;A08;Texas Red;;Unkn;;;NaN;0;0;NaN;NaN;0;0;52;
;A09;Texas Red;;Unkn;;;NaN;0;0;NaN;NaN;0;0;52;
;A10;Texas Red;;Unkn;;;NaN;0;0;NaN;NaN;0;0;52;
;A11;Texas Red;;Unkn;;;NaN;0;0;NaN;NaN;0;0;52;
;A12;Texas Red;;Unkn;;;NaN;0;0;NaN;NaN;0;0;52;
;B01;Texas Red;;Unkn;;;NaN;0;0;NaN;NaN;0;0;52;
;B02;Texas Red;;Unkn;;;NaN;0;0;NaN;NaN;0;0;52;
;B03;Texas Red;;Unkn;;;NaN;0;0;NaN;NaN;0;0;52;
;B04;Texas Red;;Unkn;;;NaN;0;0;NaN;NaN;0;0;52;
;B05;Texas Red;;Unkn;;;NaN;0;0;NaN;NaN;0;0;52;
;B06;Texas Red;;Unkn;;;NaN;0;0;NaN;NaN;0;0;52;
;B07;Texas Red;;Unkn;;;NaN;0;0;NaN;NaN;0;0;52;
;B08;Texas Red;;Unkn;;;NaN;0;0;NaN;NaN;0;0;52;
;B09;Texas Red;;Unkn;;;NaN;0;0;NaN;NaN;0;0;52;
;B10;Texas Red;;Unkn;;;NaN;0;0;NaN;NaN;0;0;52;
;B11;Texas Red;;Unkn;;;NaN;0;0;NaN;NaN;0;0;52;
;B12;Texas Red;;Unkn;;;NaN;0;0;NaN;NaN;0;0;52;
;C01;Texas Red;;Unkn;;;NaN;0;0;NaN;NaN;0;0;52;
;C02;Texas Red;;Unkn;;;NaN;0;0;NaN;NaN;0;0;52;
;C03;Texas Red;;Unkn;;;NaN;0;0;NaN;NaN;0;0;52;
;C04;Texas Red;;Unkn;;;NaN;0;0;NaN;NaN;0;0;52;
;C05;Texas Red;;Unkn;;;NaN;0;0;NaN;NaN;0;0;52;
;C06;Texas Red;;Unkn;;;NaN;0;0;NaN;NaN;0;0;52;
;C07;Texas Red;;Unkn;;;NaN;0;0;NaN;NaN;0;0;52;
;C08;Texas Red;;Unkn;;;NaN;0;0;NaN;NaN;0;0;52;
;C09;Texas Red;;Unkn;;;NaN;0;0;NaN;NaN;0;0;52;
;C10;Texas Red;;Unkn;;;NaN;0;0;NaN;NaN;0;0;52;
;C11;Texas Red;;Unkn;;;NaN;0;0;NaN;NaN;0;0;52;
;C12;Texas Red;;Unkn;;;NaN;0;0;NaN;NaN;0;0;52;
;D01;Texas Red;;Unkn;;;NaN;0;0;NaN;NaN;0;0;52;
;D02;Texas Red;;Unkn;;;NaN;0;0;NaN;NaN;0;0;52;
;D03;Texas Red;;Unkn;;;NaN;0;0;NaN;NaN;0;0;52;
;D04;Texas Red;;Unkn;;;NaN;0;0;NaN;NaN;0;0;52;
;D05;Texas Red;;Unkn;;;NaN;0;0;NaN;NaN;0;0;52;
;D06;Texas Red;;Unkn;;;NaN;0;0;NaN;NaN;0;0;52;
;D07;Texas Red;;Unkn;;;NaN;0;0;NaN;NaN;0;0;52;
;D08;Texas Red;;Unkn;;;NaN;0;0;NaN;NaN;0;0;52;
;D09;Texas Red;;Unkn;;;NaN;0;0;NaN;NaN;0;0;52;
;D10;Texas Red;;Unkn;;;NaN;0;0;NaN;NaN;0;0;52;
;D11;Texas Red;;Unkn;;;NaN;0;0;NaN;NaN;0;0;52;
;D12;Texas Red;;Unkn;;;NaN;0;0;NaN;NaN;0;0;52;
;E01;Texas Red;;Unkn;;;NaN;0;0;NaN;NaN;0;0;52;
;E02;Texas Red;;Unkn;;;NaN;0;0;NaN;NaN;0;0;52;
;E03;Texas Red;;Unkn;;;NaN;0;0;NaN;NaN;0;0;52;
;E04;Texas Red;;Unkn;;;NaN;0;0;NaN;NaN;0;0;52;
;E05;Texas Red;;Unkn;;;NaN;0;0;NaN;NaN;0;0;52;
;E06;Texas Red;;Unkn;;;NaN;0;0;NaN;NaN;0;0;52;
;E07;Texas Red;;Unkn;;;NaN;0;0;NaN;NaN;0;0;52;
;E08;Texas Red;;Unkn;;;NaN;0;0;NaN;NaN;0;0;52;
;E09;Texas Red;;Unkn;;;NaN;0;0;NaN;NaN;0;0;52;
;E10;Texas Red;;Unkn;;;NaN;0;0;NaN;NaN;0;0;52;
;E11;Texas Red;;Unkn;;;NaN;0;0;NaN;NaN;0;0;52;
;E12;Texas Red;;Unkn;;;NaN;0;0;NaN;NaN;0;0;52;
;F01;Texas Red;;Unkn;;;NaN;0;0;NaN;NaN;0;0;52;
;F02;Texas Red;;Unkn;;;NaN;0;0;NaN;NaN;0;0;52;
;F03;Texas Red;;Unkn;;;NaN;0;0;NaN;NaN;0;0;52;
;F04;Texas Red;;Unkn;;;NaN;0;0;NaN;NaN;0;0;52;
;F05;Texas Red;;Unkn;;;NaN;0;0;NaN;NaN;0;0;52;
;F06;Texas Red;;Unkn;;;NaN;0;0;NaN;NaN;0;0;52;
;F07;Texas Red;;Unkn;;;NaN;0;0;NaN;NaN;0;0;52;
;F08;Texas Red;;Unkn;;;NaN;0;0;NaN;NaN;0;0;52;
;F09;Texas Red;;Unkn;;;NaN;0;0;NaN;NaN;0;0;52;
;F10;Texas Red;;Unkn;;;NaN;0;0;NaN;NaN;0;0;52;
;F11;Texas Red;;Unkn;;;NaN;0;0;NaN;NaN;0;0;52;
;F12;Texas Red;;Unkn;;;NaN;0;0;NaN;NaN;0;0;52;
;G01;Texas Red;;Unkn;;;NaN;0;0;NaN;NaN;0;0;52;
;G02;Texas Red;;Unkn;;;NaN;0;0;NaN;NaN;0;0;52;
;G03;Texas Red;;Unkn;;;NaN;0;0;NaN;NaN;0;0;52;
;G04;Texas Red;;Unkn;;;NaN;0;0;NaN;NaN;0;0;52;
;G05;Texas Red;;Unkn;;;NaN;0;0;NaN;NaN;0;0;52;
;G06;Texas Red;;Unkn;;;NaN;0;0;NaN;NaN;0;0;52;
;G07;Texas Red;;Unkn;;;NaN;0;0;NaN;NaN;0;0;52;
;G08;Texas Red;;Unkn;;;NaN;0;0;NaN;NaN;0;0;52;
;G09;Texas Red;;Unkn;;;NaN;0;0;NaN;NaN;0;0;52;
;G10;Texas Red;;Unkn;;;NaN;0;0;NaN;NaN;0;0;52;
;G11;Texas Red;;Unkn;;;NaN;0;0;NaN;NaN;0;0;52;
;G12;Texas Red;;Unkn;;;NaN;0;0;NaN;NaN;0;0;52;
;H01;Texas Red;;Unkn;;;NaN;0;0;NaN;NaN;0;0;52;
;H02;Texas Red;;Unkn;;;NaN;0;0;NaN;NaN;0;0;52;
;H03;Texas Red;;Unkn;;;NaN;0;0;NaN;NaN;0;0;52;
;H04;Texas Red;;Unkn;;;NaN;0;0;NaN;NaN;0;0;52;
;H05;Texas Red;;Unkn;;;NaN;0;0;NaN;NaN;0;0;52;
;H06;Texas Red;;Unkn;;;NaN;0;0;NaN;NaN;0;0;52;
;H07;Texas Red;;Unkn;;;NaN;0;0;NaN;NaN;0;0;52;
;H08;Texas Red;;Unkn;;;NaN;0;0;NaN;NaN;0;0;52;
;H09;Texas Red;;Unkn;;;NaN;0;0;NaN;NaN;0;0;52;
;H10;Texas Red;;Unkn;;;NaN;0;0;NaN;NaN;0;0;52;
;H11;Texas Red;;Unkn;;;NaN;0;0;NaN;NaN;0;0;52;
;H12;Texas Red;;Unkn;;;NaN;0;0;NaN;NaN;0;0;52;
